day;ev_id;time_slot_arr;time_slot_dep;energy_need (kWh)
01/01/2019;1;36;14;5.0
01/01/2019;2;39;16;5.9
01/01/2019;3;37;15;5.0
01/01/2019;4;39;14;9.9
01/01/2019;5;35;16;5.0
01/01/2019;6;36;13;5.0
01/01/2019;7;38;16;9.2
01/01/2019;8;36;13;5.0
01/01/2019;9;36;15;11.7
01/01/2019;10;35;16;13.1
02/01/2019;1;37;14;7.8
02/01/2019;2;35;13;5.0
02/01/2019;3;43;12;13.3
02/01/2019;4;39;14;6.1
02/01/2019;5;39;14;5.2
02/01/2019;6;35;12;9.0
02/01/2019;7;36;14;5.0
02/01/2019;8;29;10;5.0
02/01/2019;9;32;12;16.2
02/01/2019;10;40;13;5.0
03/01/2019;1;34;14;11.5
03/01/2019;2;35;11;6.9
03/01/2019;3;37;12;5.0
03/01/2019;4;32;13;10.6
03/01/2019;5;33;15;5.0
03/01/2019;6;33;14;7.1
03/01/2019;7;35;17;7.0
03/01/2019;8;40;12;5.0
03/01/2019;9;37;15;14.9
03/01/2019;10;38;16;8.3
04/01/2019;1;36;15;5.0
04/01/2019;2;35;11;6.9
04/01/2019;3;42;10;11.5
04/01/2019;4;34;14;5.0
04/01/2019;5;37;14;5.0
04/01/2019;6;38;14;5.0
04/01/2019;7;38;14;5.0
04/01/2019;8;37;12;5.0
04/01/2019;9;40;13;5.0
04/01/2019;10;38;12;5.0
05/01/2019;1;35;13;5.0
05/01/2019;2;43;13;5.0
05/01/2019;3;35;16;5.0
05/01/2019;4;38;15;8.5
05/01/2019;5;39;14;8.0
05/01/2019;6;34;12;5.0
05/01/2019;7;38;14;9.4
05/01/2019;8;32;13;16.1
05/01/2019;9;36;12;5.0
05/01/2019;10;40;13;5.0
06/01/2019;1;36;15;5.0
06/01/2019;2;35;15;8.6
06/01/2019;3;41;13;11.2
06/01/2019;4;31;12;6.5
06/01/2019;5;37;15;5.0
06/01/2019;6;34;14;5.0
06/01/2019;7;38;11;5.0
06/01/2019;8;39;13;8.7
06/01/2019;9;37;12;5.0
06/01/2019;10;41;11;9.9
07/01/2019;1;40;13;5.0
07/01/2019;2;33;14;9.5
07/01/2019;3;33;14;5.0
07/01/2019;4;39;13;5.0
07/01/2019;5;32;12;15.0
07/01/2019;6;40;13;6.7
07/01/2019;7;38;14;7.7
07/01/2019;8;39;12;10.6
07/01/2019;9;36;14;5.0
07/01/2019;10;38;16;5.0
08/01/2019;1;37;11;5.0
08/01/2019;2;38;16;5.0
08/01/2019;3;38;14;15.9
08/01/2019;4;37;12;6.8
08/01/2019;5;32;11;11.5
08/01/2019;6;32;15;8.4
08/01/2019;7;34;18;6.9
08/01/2019;8;37;14;6.9
08/01/2019;9;30;13;7.5
08/01/2019;10;39;13;5.3
09/01/2019;1;38;14;5.0
09/01/2019;2;36;13;5.0
09/01/2019;3;34;14;7.4
09/01/2019;4;40;13;8.4
09/01/2019;5;35;15;5.0
09/01/2019;6;37;16;5.0
09/01/2019;7;32;8;5.0
09/01/2019;8;35;17;5.0
09/01/2019;9;40;10;5.0
09/01/2019;10;40;13;13.4
10/01/2019;1;32;13;5.3
10/01/2019;2;42;11;16.3
10/01/2019;3;36;15;5.0
10/01/2019;4;35;13;12.9
10/01/2019;5;37;16;8.4
10/01/2019;6;32;13;19.6
10/01/2019;7;38;14;5.0
10/01/2019;8;38;13;5.0
10/01/2019;9;39;15;12.9
10/01/2019;10;35;13;9.9
11/01/2019;1;39;15;9.2
11/01/2019;2;38;12;5.0
11/01/2019;3;30;16;5.0
11/01/2019;4;34;13;5.0
11/01/2019;5;41;12;10.2
11/01/2019;6;36;16;6.8
11/01/2019;7;42;12;6.9
11/01/2019;8;30;15;6.7
11/01/2019;9;35;13;5.0
11/01/2019;10;41;13;5.5
12/01/2019;1;34;9;5.0
12/01/2019;2;38;14;14.8
12/01/2019;3;41;10;5.0
12/01/2019;4;40;11;5.0
12/01/2019;5;40;13;5.0
12/01/2019;6;36;10;21.0
12/01/2019;7;38;11;5.4
12/01/2019;8;37;12;5.0
12/01/2019;9;38;15;9.9
12/01/2019;10;31;12;5.0
13/01/2019;1;41;13;5.0
13/01/2019;2;33;12;5.0
13/01/2019;3;36;14;10.7
13/01/2019;4;39;14;7.3
13/01/2019;5;39;16;5.9
13/01/2019;6;36;15;5.0
13/01/2019;7;38;16;6.0
13/01/2019;8;34;15;5.0
13/01/2019;9;37;15;8.0
13/01/2019;10;39;18;8.9
14/01/2019;1;37;15;5.4
14/01/2019;2;34;14;5.0
14/01/2019;3;29;13;11.3
14/01/2019;4;38;14;5.8
14/01/2019;5;34;11;5.0
14/01/2019;6;37;14;10.5
14/01/2019;7;35;10;7.2
14/01/2019;8;32;17;5.0
14/01/2019;9;35;18;6.7
14/01/2019;10;38;13;5.0
15/01/2019;1;35;14;5.8
15/01/2019;2;39;15;5.0
15/01/2019;3;34;15;5.0
15/01/2019;4;35;13;5.0
15/01/2019;5;35;16;7.5
15/01/2019;6;36;10;5.0
15/01/2019;7;35;14;7.2
15/01/2019;8;37;14;5.0
15/01/2019;9;38;14;12.4
15/01/2019;10;31;13;5.0
16/01/2019;1;38;14;9.4
16/01/2019;2;35;14;8.3
16/01/2019;3;37;17;5.0
16/01/2019;4;34;12;6.4
16/01/2019;5;38;13;11.7
16/01/2019;6;39;14;5.0
16/01/2019;7;29;11;5.0
16/01/2019;8;39;14;13.0
16/01/2019;9;36;14;7.0
16/01/2019;10;32;13;5.0
17/01/2019;1;39;14;5.7
17/01/2019;2;33;14;5.0
17/01/2019;3;34;15;5.0
17/01/2019;4;33;16;10.0
17/01/2019;5;38;11;5.0
17/01/2019;6;39;13;7.7
17/01/2019;7;39;11;12.4
17/01/2019;8;39;16;5.0
17/01/2019;9;39;15;5.0
17/01/2019;10;43;14;5.0
18/01/2019;1;34;15;7.4
18/01/2019;2;32;19;8.4
18/01/2019;3;39;11;7.8
18/01/2019;4;36;12;6.3
18/01/2019;5;40;14;8.9
18/01/2019;6;31;14;12.3
18/01/2019;7;44;14;7.0
18/01/2019;8;37;13;10.7
18/01/2019;9;41;10;5.7
18/01/2019;10;33;13;5.2
19/01/2019;1;39;15;11.9
19/01/2019;2;35;12;7.1
19/01/2019;3;36;13;17.6
19/01/2019;4;30;12;6.4
19/01/2019;5;30;12;8.7
19/01/2019;6;35;12;5.0
19/01/2019;7;38;11;5.0
19/01/2019;8;36;14;8.1
19/01/2019;9;35;10;5.0
19/01/2019;10;36;16;5.0
20/01/2019;1;41;17;5.0
20/01/2019;2;35;14;7.2
20/01/2019;3;41;12;5.0
20/01/2019;4;39;15;6.5
20/01/2019;5;36;13;5.0
20/01/2019;6;40;14;11.1
20/01/2019;7;37;11;8.5
20/01/2019;8;38;16;5.0
20/01/2019;9;38;12;9.2
20/01/2019;10;40;12;5.0
21/01/2019;1;31;15;5.0
21/01/2019;2;38;17;7.3
21/01/2019;3;38;13;9.9
21/01/2019;4;33;15;5.0
21/01/2019;5;34;13;6.7
21/01/2019;6;34;13;5.0
21/01/2019;7;37;10;5.0
21/01/2019;8;38;18;5.0
21/01/2019;9;37;13;10.9
21/01/2019;10;40;17;5.0
22/01/2019;1;31;12;5.0
22/01/2019;2;33;14;8.7
22/01/2019;3;38;15;9.5
22/01/2019;4;36;13;5.0
22/01/2019;5;38;13;10.0
22/01/2019;6;31;13;19.3
22/01/2019;7;41;13;5.7
22/01/2019;8;30;16;5.8
22/01/2019;9;37;11;13.0
22/01/2019;10;37;14;5.0
23/01/2019;1;36;15;8.5
23/01/2019;2;39;12;9.1
23/01/2019;3;41;13;8.9
23/01/2019;4;37;10;15.2
23/01/2019;5;37;15;5.0
23/01/2019;6;32;12;6.7
23/01/2019;7;36;14;10.0
23/01/2019;8;40;12;5.0
23/01/2019;9;38;17;5.0
23/01/2019;10;36;15;5.0
24/01/2019;1;31;13;5.0
24/01/2019;2;43;14;6.0
24/01/2019;3;39;14;8.3
24/01/2019;4;32;15;8.1
24/01/2019;5;42;17;5.8
24/01/2019;6;33;13;5.0
24/01/2019;7;33;13;5.0
24/01/2019;8;39;15;13.1
24/01/2019;9;36;14;8.2
24/01/2019;10;34;15;8.9
25/01/2019;1;36;15;13.9
25/01/2019;2;36;13;5.0
25/01/2019;3;34;15;14.4
25/01/2019;4;37;12;5.0
25/01/2019;5;31;15;5.0
25/01/2019;6;39;15;10.9
25/01/2019;7;37;11;5.8
25/01/2019;8;39;13;10.7
25/01/2019;9;34;15;5.0
25/01/2019;10;40;14;5.0
26/01/2019;1;38;12;5.0
26/01/2019;2;34;10;7.1
26/01/2019;3;39;15;5.0
26/01/2019;4;40;13;6.9
26/01/2019;5;41;15;9.4
26/01/2019;6;39;17;5.0
26/01/2019;7;36;13;5.0
26/01/2019;8;33;13;6.2
26/01/2019;9;38;13;7.5
26/01/2019;10;42;15;5.0
27/01/2019;1;36;17;5.1
27/01/2019;2;39;9;5.0
27/01/2019;3;35;12;5.0
27/01/2019;4;41;13;5.0
27/01/2019;5;29;15;9.4
27/01/2019;6;39;14;9.0
27/01/2019;7;40;11;5.0
27/01/2019;8;36;13;5.0
27/01/2019;9;31;15;12.2
27/01/2019;10;40;13;14.2
28/01/2019;1;38;11;5.0
28/01/2019;2;40;15;5.0
28/01/2019;3;31;11;5.0
28/01/2019;4;36;15;5.0
28/01/2019;5;41;15;13.5
28/01/2019;6;36;11;10.0
28/01/2019;7;34;14;8.1
28/01/2019;8;36;10;10.6
28/01/2019;9;44;11;5.0
28/01/2019;10;39;15;9.3
29/01/2019;1;35;8;5.0
29/01/2019;2;39;15;11.4
29/01/2019;3;32;11;5.0
29/01/2019;4;37;13;9.1
29/01/2019;5;35;13;7.0
29/01/2019;6;42;14;5.0
29/01/2019;7;40;12;11.2
29/01/2019;8;35;16;8.3
29/01/2019;9;32;12;13.0
29/01/2019;10;36;16;5.0
30/01/2019;1;37;14;5.0
30/01/2019;2;32;11;10.5
30/01/2019;3;39;11;5.0
30/01/2019;4;38;13;5.0
30/01/2019;5;32;13;5.0
30/01/2019;6;40;11;5.0
30/01/2019;7;36;10;5.0
30/01/2019;8;33;15;10.8
30/01/2019;9;38;12;5.0
30/01/2019;10;37;15;5.0
31/01/2019;1;42;14;6.0
31/01/2019;2;33;17;5.0
31/01/2019;3;37;14;7.1
31/01/2019;4;33;10;5.9
31/01/2019;5;40;13;5.0
31/01/2019;6;35;14;5.0
31/01/2019;7;35;12;5.0
31/01/2019;8;38;14;5.0
31/01/2019;9;37;15;5.0
31/01/2019;10;38;14;8.0
01/02/2019;1;35;13;5.0
01/02/2019;2;35;11;5.0
01/02/2019;3;39;15;10.5
01/02/2019;4;39;11;5.0
01/02/2019;5;40;14;10.6
01/02/2019;6;35;13;5.0
01/02/2019;7;33;16;7.3
01/02/2019;8;39;12;6.1
01/02/2019;9;41;14;7.1
01/02/2019;10;44;12;5.0
02/02/2019;1;33;13;6.5
02/02/2019;2;40;15;5.4
02/02/2019;3;30;15;5.0
02/02/2019;4;33;11;10.8
02/02/2019;5;38;12;5.0
02/02/2019;6;39;14;5.0
02/02/2019;7;30;11;19.5
02/02/2019;8;30;12;17.6
02/02/2019;9;37;11;8.3
02/02/2019;10;42;17;9.5
03/02/2019;1;36;11;11.5
03/02/2019;2;38;11;5.6
03/02/2019;3;35;10;11.3
03/02/2019;4;40;13;9.6
03/02/2019;5;35;13;5.0
03/02/2019;6;38;14;5.0
03/02/2019;7;39;16;6.0
03/02/2019;8;33;10;7.7
03/02/2019;9;38;17;7.0
03/02/2019;10;33;10;7.1
04/02/2019;1;40;15;9.5
04/02/2019;2;36;12;13.7
04/02/2019;3;34;9;11.9
04/02/2019;4;38;15;9.7
04/02/2019;5;38;14;8.6
04/02/2019;6;32;14;6.5
04/02/2019;7;38;13;12.5
04/02/2019;8;42;13;5.0
04/02/2019;9;34;15;5.0
04/02/2019;10;38;13;5.0
05/02/2019;1;38;10;5.0
05/02/2019;2;28;15;5.0
05/02/2019;3;34;12;5.0
05/02/2019;4;37;10;7.6
05/02/2019;5;37;13;13.4
05/02/2019;6;36;14;5.3
05/02/2019;7;38;11;5.1
05/02/2019;8;39;12;5.0
05/02/2019;9;39;15;5.0
05/02/2019;10;34;17;8.9
06/02/2019;1;34;14;9.7
06/02/2019;2;41;14;5.0
06/02/2019;3;35;14;5.0
06/02/2019;4;30;13;9.8
06/02/2019;5;36;13;5.0
06/02/2019;6;40;13;14.8
06/02/2019;7;37;12;11.6
06/02/2019;8;38;13;12.4
06/02/2019;9;38;11;5.0
06/02/2019;10;37;13;5.0
07/02/2019;1;35;17;5.0
07/02/2019;2;37;12;13.7
07/02/2019;3;35;11;5.0
07/02/2019;4;40;15;5.0
07/02/2019;5;37;12;5.9
07/02/2019;6;35;9;9.6
07/02/2019;7;33;11;16.2
07/02/2019;8;35;13;6.4
07/02/2019;9;36;15;5.0
07/02/2019;10;32;15;9.8
08/02/2019;1;37;14;5.0
08/02/2019;2;38;10;5.0
08/02/2019;3;35;13;12.9
08/02/2019;4;38;14;14.0
08/02/2019;5;35;12;7.8
08/02/2019;6;40;16;5.0
08/02/2019;7;38;17;9.0
08/02/2019;8;38;14;7.3
08/02/2019;9;38;16;5.5
08/02/2019;10;36;12;9.6
09/02/2019;1;34;16;12.9
09/02/2019;2;37;10;7.7
09/02/2019;3;35;16;12.4
09/02/2019;4;33;11;5.0
09/02/2019;5;38;15;5.0
09/02/2019;6;34;12;7.4
09/02/2019;7;39;17;11.7
09/02/2019;8;37;14;5.0
09/02/2019;9;35;16;7.4
09/02/2019;10;30;15;5.0
10/02/2019;1;36;12;5.0
10/02/2019;2;39;13;6.1
10/02/2019;3;37;14;5.0
10/02/2019;4;40;15;8.4
10/02/2019;5;35;14;6.5
10/02/2019;6;35;14;5.0
10/02/2019;7;42;12;12.2
10/02/2019;8;35;15;18.5
10/02/2019;9;38;12;10.4
10/02/2019;10;40;16;8.4
11/02/2019;1;40;15;5.0
11/02/2019;2;36;12;5.0
11/02/2019;3;33;16;5.0
11/02/2019;4;41;15;11.5
11/02/2019;5;36;12;5.4
11/02/2019;6;38;15;5.0
11/02/2019;7;37;11;19.1
11/02/2019;8;33;10;8.4
11/02/2019;9;34;16;11.4
11/02/2019;10;42;14;6.2
12/02/2019;1;36;15;5.0
12/02/2019;2;38;13;6.6
12/02/2019;3;42;12;8.1
12/02/2019;4;38;11;9.3
12/02/2019;5;38;12;5.0
12/02/2019;6;38;16;5.0
12/02/2019;7;39;14;5.5
12/02/2019;8;38;12;6.7
12/02/2019;9;37;14;5.0
12/02/2019;10;35;19;6.5
13/02/2019;1;33;14;5.0
13/02/2019;2;41;12;18.2
13/02/2019;3;43;10;7.9
13/02/2019;4;34;12;5.0
13/02/2019;5;34;16;5.0
13/02/2019;6;42;15;5.0
13/02/2019;7;35;12;12.6
13/02/2019;8;36;13;6.7
13/02/2019;9;34;9;11.8
13/02/2019;10;36;12;5.0
14/02/2019;1;36;13;5.0
14/02/2019;2;40;10;15.5
14/02/2019;3;37;15;5.0
14/02/2019;4;37;11;9.8
14/02/2019;5;38;16;5.0
14/02/2019;6;34;14;11.7
14/02/2019;7;36;12;5.0
14/02/2019;8;35;16;5.0
14/02/2019;9;37;13;7.1
14/02/2019;10;32;16;5.0
15/02/2019;1;37;15;5.2
15/02/2019;2;38;13;14.3
15/02/2019;3;38;15;6.5
15/02/2019;4;36;11;16.8
15/02/2019;5;35;12;11.9
15/02/2019;6;38;14;12.8
15/02/2019;7;37;13;9.4
15/02/2019;8;40;15;5.0
15/02/2019;9;38;13;8.0
15/02/2019;10;36;14;5.0
16/02/2019;1;38;12;13.0
16/02/2019;2;36;13;6.5
16/02/2019;3;36;13;5.0
16/02/2019;4;36;18;7.0
16/02/2019;5;39;13;10.4
16/02/2019;6;37;14;5.0
16/02/2019;7;38;12;5.0
16/02/2019;8;35;13;6.3
16/02/2019;9;35;12;14.2
16/02/2019;10;29;16;5.0
17/02/2019;1;38;16;11.1
17/02/2019;2;36;14;5.8
17/02/2019;3;39;12;5.0
17/02/2019;4;30;15;7.7
17/02/2019;5;36;10;10.6
17/02/2019;6;41;12;5.0
17/02/2019;7;36;11;5.0
17/02/2019;8;40;15;5.0
17/02/2019;9;37;17;5.0
17/02/2019;10;35;15;5.0
18/02/2019;1;37;10;5.0
18/02/2019;2;36;14;11.0
18/02/2019;3;34;15;10.5
18/02/2019;4;38;13;5.0
18/02/2019;5;37;11;11.3
18/02/2019;6;39;16;5.0
18/02/2019;7;39;11;9.7
18/02/2019;8;33;13;17.0
18/02/2019;9;31;13;5.0
18/02/2019;10;37;11;10.1
19/02/2019;1;38;14;5.0
19/02/2019;2;36;17;5.0
19/02/2019;3;35;15;7.3
19/02/2019;4;39;11;5.0
19/02/2019;5;41;16;11.3
19/02/2019;6;38;15;15.3
19/02/2019;7;34;15;10.2
19/02/2019;8;36;14;8.3
19/02/2019;9;40;16;5.0
19/02/2019;10;41;11;13.6
20/02/2019;1;34;12;8.4
20/02/2019;2;37;13;7.8
20/02/2019;3;33;14;8.5
20/02/2019;4;38;14;5.0
20/02/2019;5;37;15;11.1
20/02/2019;6;34;9;5.0
20/02/2019;7;40;13;5.0
20/02/2019;8;37;11;5.0
20/02/2019;9;32;14;5.0
20/02/2019;10;33;12;10.0
21/02/2019;1;31;16;5.0
21/02/2019;2;34;17;5.0
21/02/2019;3;38;14;9.0
21/02/2019;4;42;13;8.6
21/02/2019;5;37;14;6.2
21/02/2019;6;39;13;5.0
21/02/2019;7;36;13;5.0
21/02/2019;8;36;13;5.0
21/02/2019;9;37;10;9.1
21/02/2019;10;35;12;11.6
22/02/2019;1;32;16;12.8
22/02/2019;2;39;16;5.0
22/02/2019;3;40;12;5.0
22/02/2019;4;34;13;23.3
22/02/2019;5;36;14;15.2
22/02/2019;6;40;16;5.3
22/02/2019;7;40;9;5.0
22/02/2019;8;39;13;5.0
22/02/2019;9;40;12;9.9
22/02/2019;10;36;15;15.7
23/02/2019;1;40;11;13.6
23/02/2019;2;37;12;13.0
23/02/2019;3;34;15;10.0
23/02/2019;4;31;16;21.9
23/02/2019;5;34;13;5.0
23/02/2019;6;37;14;5.0
23/02/2019;7;35;16;6.2
23/02/2019;8;37;16;7.8
23/02/2019;9;36;16;6.7
23/02/2019;10;41;11;8.4
24/02/2019;1;39;10;5.0
24/02/2019;2;37;16;5.0
24/02/2019;3;34;14;5.0
24/02/2019;4;38;11;12.6
24/02/2019;5;35;10;5.0
24/02/2019;6;34;12;5.0
24/02/2019;7;36;13;12.2
24/02/2019;8;31;12;5.5
24/02/2019;9;30;12;8.2
24/02/2019;10;38;12;6.9
25/02/2019;1;39;15;5.0
25/02/2019;2;36;16;5.0
25/02/2019;3;38;11;5.0
25/02/2019;4;37;15;5.0
25/02/2019;5;37;17;5.0
25/02/2019;6;34;12;5.0
25/02/2019;7;38;15;15.0
25/02/2019;8;33;13;7.8
25/02/2019;9;36;18;12.1
25/02/2019;10;37;13;6.8
26/02/2019;1;37;12;6.7
26/02/2019;2;38;15;7.2
26/02/2019;3;38;16;5.0
26/02/2019;4;38;18;5.0
26/02/2019;5;42;9;10.1
26/02/2019;6;38;12;5.0
26/02/2019;7;33;13;5.0
26/02/2019;8;34;13;8.3
26/02/2019;9;36;13;8.8
26/02/2019;10;34;14;12.4
27/02/2019;1;37;15;9.0
27/02/2019;2;40;15;9.3
27/02/2019;3;31;14;5.7
27/02/2019;4;38;15;5.0
27/02/2019;5;38;10;5.0
27/02/2019;6;35;14;5.0
27/02/2019;7;38;7;5.0
27/02/2019;8;38;11;5.0
27/02/2019;9;34;12;8.1
27/02/2019;10;35;14;5.0
28/02/2019;1;38;13;5.0
28/02/2019;2;33;16;13.1
28/02/2019;3;34;15;5.0
28/02/2019;4;35;13;6.8
28/02/2019;5;37;13;7.6
28/02/2019;6;35;11;6.0
28/02/2019;7;36;14;9.2
28/02/2019;8;36;15;16.9
28/02/2019;9;37;9;5.0
28/02/2019;10;37;10;5.0
01/03/2019;1;41;13;8.5
01/03/2019;2;40;13;16.2
01/03/2019;3;35;12;9.5
01/03/2019;4;34;20;16.3
01/03/2019;5;35;16;7.1
01/03/2019;6;38;12;8.3
01/03/2019;7;34;15;6.5
01/03/2019;8;38;13;5.2
01/03/2019;9;33;18;5.0
01/03/2019;10;36;12;7.5
02/03/2019;1;38;17;10.1
02/03/2019;2;33;11;6.1
02/03/2019;3;38;14;6.4
02/03/2019;4;37;7;5.0
02/03/2019;5;36;13;5.0
02/03/2019;6;40;16;8.0
02/03/2019;7;42;13;5.0
02/03/2019;8;37;15;5.0
02/03/2019;9;34;13;6.2
02/03/2019;10;33;14;5.0
03/03/2019;1;36;16;8.1
03/03/2019;2;36;11;5.0
03/03/2019;3;35;13;5.0
03/03/2019;4;39;10;5.0
03/03/2019;5;34;10;5.2
03/03/2019;6;37;14;13.9
03/03/2019;7;38;14;9.1
03/03/2019;8;32;13;5.7
03/03/2019;9;37;13;5.3
03/03/2019;10;34;13;10.1
04/03/2019;1;36;13;5.0
04/03/2019;2;33;10;19.5
04/03/2019;3;35;12;5.0
04/03/2019;4;40;10;5.0
04/03/2019;5;38;13;5.0
04/03/2019;6;34;10;5.0
04/03/2019;7;43;14;5.4
04/03/2019;8;39;15;5.0
04/03/2019;9;34;12;6.5
04/03/2019;10;34;15;5.0
05/03/2019;1;38;16;5.0
05/03/2019;2;34;14;5.0
05/03/2019;3;41;16;13.0
05/03/2019;4;37;12;5.0
05/03/2019;5;32;19;12.1
05/03/2019;6;36;12;9.9
05/03/2019;7;33;14;20.3
05/03/2019;8;36;10;5.0
05/03/2019;9;39;11;5.0
05/03/2019;10;36;12;6.9
06/03/2019;1;36;15;5.5
06/03/2019;2;35;16;13.2
06/03/2019;3;39;14;5.0
06/03/2019;4;37;11;6.9
06/03/2019;5;45;11;5.0
06/03/2019;6;33;12;5.5
06/03/2019;7;34;11;7.7
06/03/2019;8;35;16;12.6
06/03/2019;9;36;12;5.0
06/03/2019;10;38;14;5.0
07/03/2019;1;41;14;5.0
07/03/2019;2;45;14;10.0
07/03/2019;3;33;15;11.9
07/03/2019;4;35;13;18.8
07/03/2019;5;36;13;6.5
07/03/2019;6;39;12;5.0
07/03/2019;7;37;12;5.0
07/03/2019;8;38;13;5.0
07/03/2019;9;38;18;5.0
07/03/2019;10;34;13;6.7
08/03/2019;1;40;14;8.8
08/03/2019;2;38;17;6.3
08/03/2019;3;35;16;13.3
08/03/2019;4;35;15;5.0
08/03/2019;5;37;12;7.9
08/03/2019;6;35;11;8.0
08/03/2019;7;36;13;5.0
08/03/2019;8;37;14;5.0
08/03/2019;9;29;14;5.0
08/03/2019;10;31;12;8.9
09/03/2019;1;35;13;5.0
09/03/2019;2;36;16;12.9
09/03/2019;3;35;14;10.6
09/03/2019;4;36;11;10.2
09/03/2019;5;38;12;10.1
09/03/2019;6;38;16;5.0
09/03/2019;7;36;17;7.5
09/03/2019;8;39;13;5.0
09/03/2019;9;34;15;5.0
09/03/2019;10;38;16;5.0
10/03/2019;1;34;11;7.1
10/03/2019;2;34;12;5.0
10/03/2019;3;39;14;9.7
10/03/2019;4;32;17;7.3
10/03/2019;5;37;14;5.0
10/03/2019;6;39;13;10.6
10/03/2019;7;36;14;5.0
10/03/2019;8;40;12;5.0
10/03/2019;9;39;16;12.6
10/03/2019;10;31;15;5.0
11/03/2019;1;34;15;5.0
11/03/2019;2;40;14;15.7
11/03/2019;3;34;15;6.6
11/03/2019;4;35;11;5.0
11/03/2019;5;35;12;11.0
11/03/2019;6;39;13;5.0
11/03/2019;7;32;12;9.9
11/03/2019;8;38;14;5.0
11/03/2019;9;34;14;5.0
11/03/2019;10;39;17;15.6
12/03/2019;1;34;13;7.6
12/03/2019;2;35;14;8.0
12/03/2019;3;42;14;6.0
12/03/2019;4;35;14;5.0
12/03/2019;5;36;14;5.0
12/03/2019;6;39;12;5.0
12/03/2019;7;37;15;14.6
12/03/2019;8;38;13;8.0
12/03/2019;9;42;17;8.4
12/03/2019;10;35;13;5.0
13/03/2019;1;33;10;5.3
13/03/2019;2;36;17;7.8
13/03/2019;3;41;11;9.1
13/03/2019;4;35;16;5.0
13/03/2019;5;36;9;5.0
13/03/2019;6;38;15;12.1
13/03/2019;7;36;13;7.2
13/03/2019;8;38;18;6.4
13/03/2019;9;37;10;7.5
13/03/2019;10;35;15;5.0
14/03/2019;1;40;13;5.0
14/03/2019;2;36;11;5.0
14/03/2019;3;32;13;9.4
14/03/2019;4;31;13;5.0
14/03/2019;5;39;11;8.0
14/03/2019;6;33;14;5.0
14/03/2019;7;34;16;5.0
14/03/2019;8;38;13;14.3
14/03/2019;9;38;14;9.9
14/03/2019;10;38;13;5.0
15/03/2019;1;31;12;5.0
15/03/2019;2;40;14;15.1
15/03/2019;3;35;16;9.6
15/03/2019;4;33;11;11.8
15/03/2019;5;36;17;11.0
15/03/2019;6;37;12;5.0
15/03/2019;7;40;17;6.5
15/03/2019;8;38;16;5.0
15/03/2019;9;38;11;5.0
15/03/2019;10;31;12;5.0
16/03/2019;1;31;18;7.3
16/03/2019;2;33;14;5.0
16/03/2019;3;41;14;12.8
16/03/2019;4;34;15;10.2
16/03/2019;5;38;15;9.1
16/03/2019;6;37;10;5.0
16/03/2019;7;32;12;5.0
16/03/2019;8;34;12;11.3
16/03/2019;9;39;12;18.5
16/03/2019;10;40;14;6.4
17/03/2019;1;38;14;6.6
17/03/2019;2;35;15;5.0
17/03/2019;3;35;14;5.0
17/03/2019;4;38;15;14.8
17/03/2019;5;31;12;5.9
17/03/2019;6;34;15;5.0
17/03/2019;7;39;16;11.7
17/03/2019;8;35;12;5.0
17/03/2019;9;36;14;5.0
17/03/2019;10;31;9;5.0
18/03/2019;1;35;12;5.0
18/03/2019;2;37;11;6.0
18/03/2019;3;38;12;5.0
18/03/2019;4;38;13;19.5
18/03/2019;5;40;11;9.2
18/03/2019;6;34;14;5.0
18/03/2019;7;39;14;5.0
18/03/2019;8;30;14;5.0
18/03/2019;9;40;15;5.0
18/03/2019;10;38;13;7.1
19/03/2019;1;39;14;11.2
19/03/2019;2;42;19;14.5
19/03/2019;3;36;13;8.7
19/03/2019;4;31;16;5.0
19/03/2019;5;36;16;13.2
19/03/2019;6;33;17;9.0
19/03/2019;7;44;10;5.0
19/03/2019;8;37;11;7.9
19/03/2019;9;40;15;5.3
19/03/2019;10;36;16;14.8
20/03/2019;1;38;11;10.0
20/03/2019;2;32;13;5.0
20/03/2019;3;36;16;13.0
20/03/2019;4;39;14;16.8
20/03/2019;5;39;13;5.0
20/03/2019;6;41;13;10.2
20/03/2019;7;34;17;5.7
20/03/2019;8;38;14;9.2
20/03/2019;9;39;16;9.4
20/03/2019;10;33;14;6.3
21/03/2019;1;33;12;9.9
21/03/2019;2;33;13;5.0
21/03/2019;3;39;13;5.0
21/03/2019;4;34;12;15.6
21/03/2019;5;35;18;9.7
21/03/2019;6;35;16;9.5
21/03/2019;7;34;14;5.0
21/03/2019;8;35;15;6.1
21/03/2019;9;37;16;5.0
21/03/2019;10;39;14;5.0
22/03/2019;1;39;14;5.0
22/03/2019;2;34;16;5.0
22/03/2019;3;40;14;5.0
22/03/2019;4;35;12;5.0
22/03/2019;5;38;14;7.9
22/03/2019;6;37;14;5.0
22/03/2019;7;34;13;9.0
22/03/2019;8;36;11;5.6
22/03/2019;9;32;16;5.0
22/03/2019;10;37;17;5.0
23/03/2019;1;37;13;5.0
23/03/2019;2;36;13;15.6
23/03/2019;3;37;13;7.0
23/03/2019;4;34;14;5.0
23/03/2019;5;36;14;9.2
23/03/2019;6;38;14;5.0
23/03/2019;7;41;10;5.3
23/03/2019;8;38;14;6.8
23/03/2019;9;38;12;9.6
23/03/2019;10;39;13;5.1
24/03/2019;1;40;13;7.1
24/03/2019;2;37;12;7.2
24/03/2019;3;42;13;5.8
24/03/2019;4;37;10;7.1
24/03/2019;5;39;16;7.2
24/03/2019;6;39;15;8.2
24/03/2019;7;40;12;5.0
24/03/2019;8;43;13;5.0
24/03/2019;9;37;13;5.0
24/03/2019;10;37;16;6.3
25/03/2019;1;43;15;5.0
25/03/2019;2;33;13;5.0
25/03/2019;3;33;10;5.0
25/03/2019;4;36;16;13.9
25/03/2019;5;35;14;15.8
25/03/2019;6;33;14;10.0
25/03/2019;7;36;12;6.0
25/03/2019;8;36;14;5.0
25/03/2019;9;34;12;5.0
25/03/2019;10;39;12;7.7
26/03/2019;1;37;15;5.0
26/03/2019;2;33;14;5.0
26/03/2019;3;35;14;10.0
26/03/2019;4;37;12;10.7
26/03/2019;5;39;15;10.8
26/03/2019;6;34;17;5.0
26/03/2019;7;35;11;5.0
26/03/2019;8;38;13;12.2
26/03/2019;9;34;15;13.6
26/03/2019;10;38;15;9.3
27/03/2019;1;33;12;5.0
27/03/2019;2;41;14;5.0
27/03/2019;3;37;14;6.0
27/03/2019;4;30;14;6.1
27/03/2019;5;38;11;5.0
27/03/2019;6;35;14;7.3
27/03/2019;7;36;12;7.3
27/03/2019;8;34;18;12.5
27/03/2019;9;37;17;7.6
27/03/2019;10;35;11;6.4
28/03/2019;1;34;12;11.3
28/03/2019;2;44;13;9.7
28/03/2019;3;36;13;6.2
28/03/2019;4;34;11;5.8
28/03/2019;5;36;14;7.0
28/03/2019;6;31;13;5.0
28/03/2019;7;40;14;5.0
28/03/2019;8;37;10;8.5
28/03/2019;9;31;15;15.0
28/03/2019;10;35;14;5.0
29/03/2019;1;38;14;7.7
29/03/2019;2;39;11;5.0
29/03/2019;3;34;14;5.0
29/03/2019;4;36;15;12.5
29/03/2019;5;34;12;5.0
29/03/2019;6;35;14;6.7
29/03/2019;7;37;12;11.0
29/03/2019;8;31;16;5.0
29/03/2019;9;37;16;5.3
29/03/2019;10;38;15;9.9
30/03/2019;1;40;14;5.0
30/03/2019;2;35;17;5.1
30/03/2019;3;38;18;5.0
30/03/2019;4;31;12;5.0
30/03/2019;5;40;15;16.6
30/03/2019;6;36;14;5.0
30/03/2019;7;37;16;8.4
30/03/2019;8;38;16;7.6
30/03/2019;9;39;15;5.0
30/03/2019;10;36;16;6.0
31/03/2019;1;40;16;10.0
31/03/2019;2;41;12;5.0
31/03/2019;3;33;14;5.0
31/03/2019;4;39;14;5.6
31/03/2019;5;35;12;10.7
31/03/2019;6;39;13;10.2
31/03/2019;7;38;11;5.0
31/03/2019;8;34;13;5.0
31/03/2019;9;34;19;5.1
31/03/2019;10;36;13;8.8
01/04/2019;1;35;14;12.6
01/04/2019;2;38;11;5.0
01/04/2019;3;35;15;7.3
01/04/2019;4;32;14;10.9
01/04/2019;5;36;17;5.0
01/04/2019;6;40;10;5.0
01/04/2019;7;42;10;5.8
01/04/2019;8;34;12;12.7
01/04/2019;9;40;17;7.8
01/04/2019;10;40;16;15.8
02/04/2019;1;38;15;9.0
02/04/2019;2;36;14;5.0
02/04/2019;3;36;14;5.1
02/04/2019;4;33;16;13.3
02/04/2019;5;35;12;7.2
02/04/2019;6;37;10;8.5
02/04/2019;7;34;12;5.0
02/04/2019;8;36;19;5.0
02/04/2019;9;36;14;6.0
02/04/2019;10;41;12;5.0
03/04/2019;1;29;16;5.0
03/04/2019;2;36;14;5.0
03/04/2019;3;40;14;5.0
03/04/2019;4;39;14;5.6
03/04/2019;5;39;12;5.0
03/04/2019;6;37;15;5.9
03/04/2019;7;38;13;5.0
03/04/2019;8;41;15;8.5
03/04/2019;9;31;11;8.2
03/04/2019;10;37;13;8.9
04/04/2019;1;34;14;5.0
04/04/2019;2;42;12;11.5
04/04/2019;3;40;12;5.0
04/04/2019;4;34;14;8.5
04/04/2019;5;42;13;6.6
04/04/2019;6;33;15;5.0
04/04/2019;7;35;12;5.0
04/04/2019;8;35;13;10.0
04/04/2019;9;44;12;5.0
04/04/2019;10;37;15;10.2
05/04/2019;1;36;14;9.1
05/04/2019;2;37;16;5.0
05/04/2019;3;38;15;5.0
05/04/2019;4;41;11;5.0
05/04/2019;5;34;14;5.0
05/04/2019;6;29;11;5.0
05/04/2019;7;36;16;16.5
05/04/2019;8;36;13;5.0
05/04/2019;9;32;12;7.5
05/04/2019;10;36;16;13.1
06/04/2019;1;36;14;7.0
06/04/2019;2;36;11;5.0
06/04/2019;3;38;14;5.0
06/04/2019;4;34;16;10.2
06/04/2019;5;38;12;7.0
06/04/2019;6;32;16;5.0
06/04/2019;7;44;15;7.2
06/04/2019;8;36;12;6.7
06/04/2019;9;38;15;5.0
06/04/2019;10;39;15;5.0
07/04/2019;1;34;12;6.8
07/04/2019;2;38;10;12.0
07/04/2019;3;41;13;14.1
07/04/2019;4;34;12;5.0
07/04/2019;5;37;13;6.1
07/04/2019;6;34;17;10.3
07/04/2019;7;33;13;5.6
07/04/2019;8;37;12;5.0
07/04/2019;9;33;13;5.0
07/04/2019;10;34;18;7.9
08/04/2019;1;35;12;5.5
08/04/2019;2;39;13;5.0
08/04/2019;3;36;11;5.0
08/04/2019;4;34;13;14.6
08/04/2019;5;33;9;7.6
08/04/2019;6;39;15;11.7
08/04/2019;7;36;15;6.2
08/04/2019;8;41;15;16.5
08/04/2019;9;37;15;6.3
08/04/2019;10;37;14;5.0
09/04/2019;1;32;13;6.6
09/04/2019;2;36;18;5.0
09/04/2019;3;38;14;6.2
09/04/2019;4;37;14;7.1
09/04/2019;5;31;10;5.0
09/04/2019;6;35;10;5.0
09/04/2019;7;35;14;6.9
09/04/2019;8;39;14;5.0
09/04/2019;9;34;14;5.0
09/04/2019;10;38;11;5.0
10/04/2019;1;37;12;5.0
10/04/2019;2;40;14;5.0
10/04/2019;3;33;13;13.3
10/04/2019;4;33;12;5.0
10/04/2019;5;37;14;5.0
10/04/2019;6;37;13;8.1
10/04/2019;7;40;14;5.2
10/04/2019;8;34;13;5.0
10/04/2019;9;39;15;10.6
10/04/2019;10;40;12;5.5
11/04/2019;1;43;12;5.0
11/04/2019;2;35;12;11.7
11/04/2019;3;37;15;6.1
11/04/2019;4;34;9;5.3
11/04/2019;5;36;10;5.0
11/04/2019;6;38;13;11.0
11/04/2019;7;33;15;5.3
11/04/2019;8;35;15;7.5
11/04/2019;9;35;12;11.9
11/04/2019;10;35;13;10.7
12/04/2019;1;38;14;7.6
12/04/2019;2;42;14;8.9
12/04/2019;3;34;16;10.0
12/04/2019;4;42;14;6.1
12/04/2019;5;36;16;5.0
12/04/2019;6;35;15;7.7
12/04/2019;7;37;15;8.5
12/04/2019;8;36;15;11.0
12/04/2019;9;42;12;9.5
12/04/2019;10;42;13;5.0
13/04/2019;1;37;14;5.0
13/04/2019;2;43;17;5.0
13/04/2019;3;38;14;5.0
13/04/2019;4;42;11;9.6
13/04/2019;5;35;11;11.5
13/04/2019;6;37;11;5.0
13/04/2019;7;35;15;12.4
13/04/2019;8;34;16;5.0
13/04/2019;9;30;15;5.0
13/04/2019;10;34;13;14.5
14/04/2019;1;37;14;12.0
14/04/2019;2;37;12;8.5
14/04/2019;3;35;15;5.0
14/04/2019;4;36;15;10.0
14/04/2019;5;36;13;5.0
14/04/2019;6;34;13;8.1
14/04/2019;7;36;15;10.4
14/04/2019;8;41;12;6.3
14/04/2019;9;37;16;5.0
14/04/2019;10;39;11;5.0
15/04/2019;1;34;13;5.0
15/04/2019;2;37;12;5.0
15/04/2019;3;34;9;5.0
15/04/2019;4;34;13;5.0
15/04/2019;5;35;13;15.4
15/04/2019;6;38;13;5.5
15/04/2019;7;38;10;13.1
15/04/2019;8;35;15;5.0
15/04/2019;9;36;11;8.7
15/04/2019;10;31;13;9.1
16/04/2019;1;35;13;9.4
16/04/2019;2;41;17;5.0
16/04/2019;3;36;13;5.0
16/04/2019;4;35;14;5.0
16/04/2019;5;39;13;9.0
16/04/2019;6;35;12;14.9
16/04/2019;7;37;12;9.7
16/04/2019;8;36;10;5.0
16/04/2019;9;38;12;5.0
16/04/2019;10;34;17;6.0
17/04/2019;1;34;14;7.9
17/04/2019;2;37;11;12.7
17/04/2019;3;39;12;10.2
17/04/2019;4;38;14;8.5
17/04/2019;5;34;12;5.0
17/04/2019;6;35;13;5.0
17/04/2019;7;33;17;6.7
17/04/2019;8;35;16;5.0
17/04/2019;9;37;14;8.3
17/04/2019;10;36;15;5.0
18/04/2019;1;39;16;5.0
18/04/2019;2;37;10;9.6
18/04/2019;3;35;14;7.5
18/04/2019;4;36;11;10.5
18/04/2019;5;43;14;14.3
18/04/2019;6;36;14;5.0
18/04/2019;7;35;13;12.0
18/04/2019;8;35;15;5.0
18/04/2019;9;36;12;5.0
18/04/2019;10;39;11;5.0
19/04/2019;1;39;13;5.0
19/04/2019;2;40;17;5.0
19/04/2019;3;37;15;10.7
19/04/2019;4;36;14;6.5
19/04/2019;5;38;13;5.0
19/04/2019;6;32;14;8.6
19/04/2019;7;37;12;8.7
19/04/2019;8;43;13;5.0
19/04/2019;9;37;14;10.7
19/04/2019;10;28;15;5.0
20/04/2019;1;38;15;5.0
20/04/2019;2;42;14;12.0
20/04/2019;3;36;15;8.8
20/04/2019;4;36;15;15.0
20/04/2019;5;33;12;5.0
20/04/2019;6;40;13;5.0
20/04/2019;7;37;16;9.2
20/04/2019;8;41;13;13.1
20/04/2019;9;35;15;7.3
20/04/2019;10;39;14;5.0
21/04/2019;1;31;10;5.0
21/04/2019;2;32;11;5.0
21/04/2019;3;37;16;5.0
21/04/2019;4;38;12;5.0
21/04/2019;5;34;15;8.4
21/04/2019;6;35;18;5.0
21/04/2019;7;37;13;6.9
21/04/2019;8;39;12;15.8
21/04/2019;9;34;12;13.4
21/04/2019;10;33;12;5.0
22/04/2019;1;33;13;5.0
22/04/2019;2;32;13;5.0
22/04/2019;3;34;11;9.3
22/04/2019;4;33;12;5.0
22/04/2019;5;38;13;5.0
22/04/2019;6;37;14;6.6
22/04/2019;7;38;14;5.0
22/04/2019;8;30;13;5.0
22/04/2019;9;35;14;5.0
22/04/2019;10;38;11;11.0
23/04/2019;1;36;13;9.8
23/04/2019;2;37;12;5.0
23/04/2019;3;32;15;5.0
23/04/2019;4;39;14;18.9
23/04/2019;5;44;16;5.0
23/04/2019;6;39;13;5.0
23/04/2019;7;36;16;5.0
23/04/2019;8;38;13;5.7
23/04/2019;9;40;13;7.8
23/04/2019;10;37;12;5.0
24/04/2019;1;39;12;8.8
24/04/2019;2;37;11;8.1
24/04/2019;3;35;13;6.3
24/04/2019;4;35;14;5.0
24/04/2019;5;35;14;5.0
24/04/2019;6;35;13;5.0
24/04/2019;7;38;15;5.0
24/04/2019;8;33;13;10.8
24/04/2019;9;36;12;10.1
24/04/2019;10;33;15;5.0
25/04/2019;1;39;14;12.8
25/04/2019;2;32;16;7.7
25/04/2019;3;39;13;8.0
25/04/2019;4;39;11;5.0
25/04/2019;5;40;11;5.0
25/04/2019;6;33;10;5.0
25/04/2019;7;35;13;16.9
25/04/2019;8;36;14;5.0
25/04/2019;9;32;13;5.0
25/04/2019;10;41;12;5.3
26/04/2019;1;40;12;5.0
26/04/2019;2;37;12;5.0
26/04/2019;3;33;12;10.7
26/04/2019;4;35;17;5.0
26/04/2019;5;38;13;5.0
26/04/2019;6;30;16;5.0
26/04/2019;7;37;12;9.2
26/04/2019;8;39;15;9.0
26/04/2019;9;35;9;7.2
26/04/2019;10;36;18;5.0
27/04/2019;1;37;15;5.0
27/04/2019;2;33;8;12.0
27/04/2019;3;36;15;5.0
27/04/2019;4;34;12;5.0
27/04/2019;5;31;16;5.0
27/04/2019;6;39;9;5.0
27/04/2019;7;38;15;5.0
27/04/2019;8;37;15;13.4
27/04/2019;9;34;16;5.0
27/04/2019;10;40;17;11.6
28/04/2019;1;37;11;8.2
28/04/2019;2;36;11;5.0
28/04/2019;3;38;12;5.0
28/04/2019;4;28;16;5.0
28/04/2019;5;40;14;6.8
28/04/2019;6;37;12;11.7
28/04/2019;7;27;14;5.6
28/04/2019;8;36;15;5.0
28/04/2019;9;36;16;5.0
28/04/2019;10;34;16;10.0
29/04/2019;1;38;13;5.0
29/04/2019;2;37;14;5.0
29/04/2019;3;41;12;5.0
29/04/2019;4;32;13;6.9
29/04/2019;5;40;16;10.6
29/04/2019;6;37;16;5.0
29/04/2019;7;33;14;5.0
29/04/2019;8;43;15;8.9
29/04/2019;9;35;14;12.5
29/04/2019;10;37;11;5.0
30/04/2019;1;37;12;5.0
30/04/2019;2;41;15;9.5
30/04/2019;3;38;16;5.0
30/04/2019;4;36;12;5.0
30/04/2019;5;34;12;5.0
30/04/2019;6;35;12;5.0
30/04/2019;7;39;13;5.0
30/04/2019;8;37;13;5.0
30/04/2019;9;38;16;9.7
30/04/2019;10;29;15;9.5
01/05/2019;1;35;15;5.0
01/05/2019;2;40;12;6.0
01/05/2019;3;41;12;5.0
01/05/2019;4;41;16;7.4
01/05/2019;5;28;11;8.0
01/05/2019;6;42;14;6.7
01/05/2019;7;34;15;5.0
01/05/2019;8;38;14;5.0
01/05/2019;9;40;13;11.0
01/05/2019;10;35;13;5.0
02/05/2019;1;34;14;10.8
02/05/2019;2;41;13;5.0
02/05/2019;3;34;15;6.9
02/05/2019;4;38;15;5.0
02/05/2019;5;36;14;5.1
02/05/2019;6;39;14;5.0
02/05/2019;7;36;13;7.1
02/05/2019;8;39;11;5.0
02/05/2019;9;34;13;5.0
02/05/2019;10;36;15;5.0
03/05/2019;1;38;16;5.4
03/05/2019;2;33;17;5.0
03/05/2019;3;36;13;5.0
03/05/2019;4;39;18;9.9
03/05/2019;5;36;9;8.0
03/05/2019;6;32;13;17.6
03/05/2019;7;38;15;5.0
03/05/2019;8;36;10;10.0
03/05/2019;9;38;14;5.0
03/05/2019;10;32;12;8.4
04/05/2019;1;36;11;5.0
04/05/2019;2;37;15;5.0
04/05/2019;3;36;13;9.8
04/05/2019;4;37;14;5.0
04/05/2019;5;33;13;5.0
04/05/2019;6;39;13;5.0
04/05/2019;7;37;15;9.8
04/05/2019;8;43;13;5.9
04/05/2019;9;34;10;8.5
04/05/2019;10;37;13;10.3
05/05/2019;1;34;15;10.2
05/05/2019;2;37;14;9.9
05/05/2019;3;38;12;13.9
05/05/2019;4;36;13;5.0
05/05/2019;5;38;11;5.0
05/05/2019;6;35;11;12.0
05/05/2019;7;35;15;5.0
05/05/2019;8;37;14;7.1
05/05/2019;9;34;13;5.0
05/05/2019;10;33;13;5.1
06/05/2019;1;35;12;5.0
06/05/2019;2;39;13;10.2
06/05/2019;3;32;14;5.6
06/05/2019;4;39;12;10.1
06/05/2019;5;37;13;5.7
06/05/2019;6;28;11;5.0
06/05/2019;7;39;11;5.0
06/05/2019;8;29;14;5.4
06/05/2019;9;35;15;5.0
06/05/2019;10;39;16;9.7
07/05/2019;1;38;14;10.3
07/05/2019;2;31;14;5.1
07/05/2019;3;34;14;5.0
07/05/2019;4;39;14;5.0
07/05/2019;5;37;15;5.0
07/05/2019;6;40;14;5.0
07/05/2019;7;42;14;5.0
07/05/2019;8;36;14;5.0
07/05/2019;9;36;14;7.3
07/05/2019;10;37;10;5.0
08/05/2019;1;38;15;5.0
08/05/2019;2;32;15;5.0
08/05/2019;3;33;17;5.7
08/05/2019;4;31;13;6.4
08/05/2019;5;33;13;5.0
08/05/2019;6;41;10;6.4
08/05/2019;7;38;14;5.0
08/05/2019;8;34;18;5.9
08/05/2019;9;35;14;7.3
08/05/2019;10;41;13;5.0
09/05/2019;1;34;13;5.9
09/05/2019;2;40;11;7.0
09/05/2019;3;34;14;13.3
09/05/2019;4;31;15;9.5
09/05/2019;5;35;12;5.0
09/05/2019;6;35;15;5.0
09/05/2019;7;32;15;8.3
09/05/2019;8;42;15;5.0
09/05/2019;9;37;11;14.0
09/05/2019;10;38;13;5.6
10/05/2019;1;37;15;9.9
10/05/2019;2;36;13;5.0
10/05/2019;3;35;17;9.5
10/05/2019;4;34;11;5.0
10/05/2019;5;40;12;5.0
10/05/2019;6;29;14;5.0
10/05/2019;7;37;16;5.0
10/05/2019;8;36;12;6.6
10/05/2019;9;41;12;5.0
10/05/2019;10;32;12;7.4
11/05/2019;1;38;10;11.5
11/05/2019;2;36;12;5.0
11/05/2019;3;43;15;5.0
11/05/2019;4;36;11;8.7
11/05/2019;5;34;13;5.0
11/05/2019;6;29;14;5.0
11/05/2019;7;37;15;9.7
11/05/2019;8;33;14;5.0
11/05/2019;9;38;13;5.0
11/05/2019;10;36;12;7.1
12/05/2019;1;38;13;9.3
12/05/2019;2;38;17;10.7
12/05/2019;3;43;11;14.3
12/05/2019;4;34;14;5.0
12/05/2019;5;40;12;5.5
12/05/2019;6;35;13;9.2
12/05/2019;7;34;14;5.0
12/05/2019;8;35;13;9.1
12/05/2019;9;36;11;9.2
12/05/2019;10;37;12;5.0
13/05/2019;1;34;16;5.6
13/05/2019;2;37;14;5.0
13/05/2019;3;43;14;5.0
13/05/2019;4;39;16;9.4
13/05/2019;5;34;13;5.0
13/05/2019;6;36;17;5.0
13/05/2019;7;39;14;5.0
13/05/2019;8;32;14;10.7
13/05/2019;9;37;13;8.7
13/05/2019;10;34;16;11.8
14/05/2019;1;39;12;6.8
14/05/2019;2;37;13;11.5
14/05/2019;3;35;14;9.5
14/05/2019;4;39;11;5.0
14/05/2019;5;38;10;5.0
14/05/2019;6;39;12;8.9
14/05/2019;7;39;15;7.0
14/05/2019;8;33;14;7.9
14/05/2019;9;38;15;9.6
14/05/2019;10;38;11;13.6
15/05/2019;1;38;14;5.0
15/05/2019;2;42;14;7.7
15/05/2019;3;41;13;11.2
15/05/2019;4;40;12;7.6
15/05/2019;5;40;13;5.0
15/05/2019;6;36;16;5.0
15/05/2019;7;31;14;11.7
15/05/2019;8;38;16;5.0
15/05/2019;9;36;11;10.4
15/05/2019;10;32;15;5.0
16/05/2019;1;37;10;5.0
16/05/2019;2;37;14;9.4
16/05/2019;3;36;16;9.4
16/05/2019;4;37;12;5.0
16/05/2019;5;33;11;5.0
16/05/2019;6;34;12;11.9
16/05/2019;7;36;18;12.2
16/05/2019;8;36;13;5.0
16/05/2019;9;42;14;6.0
16/05/2019;10;35;8;8.2
17/05/2019;1;38;12;5.0
17/05/2019;2;37;14;6.2
17/05/2019;3;38;16;11.2
17/05/2019;4;33;13;5.0
17/05/2019;5;36;16;5.2
17/05/2019;6;39;18;5.0
17/05/2019;7;37;15;9.0
17/05/2019;8;36;13;5.0
17/05/2019;9;34;12;6.9
17/05/2019;10;36;12;5.9
18/05/2019;1;35;14;7.5
18/05/2019;2;40;17;5.0
18/05/2019;3;32;11;5.0
18/05/2019;4;42;13;5.0
18/05/2019;5;35;13;5.0
18/05/2019;6;36;12;5.6
18/05/2019;7;41;17;8.2
18/05/2019;8;30;13;6.1
18/05/2019;9;34;17;5.0
18/05/2019;10;37;17;7.2
19/05/2019;1;44;12;10.4
19/05/2019;2;28;12;7.7
19/05/2019;3;35;11;5.0
19/05/2019;4;37;10;5.0
19/05/2019;5;33;16;5.0
19/05/2019;6;32;17;7.3
19/05/2019;7;30;14;5.0
19/05/2019;8;35;12;5.8
19/05/2019;9;38;11;5.0
19/05/2019;10;37;15;7.9
20/05/2019;1;38;10;8.5
20/05/2019;2;40;16;9.3
20/05/2019;3;35;16;7.6
20/05/2019;4;35;14;5.0
20/05/2019;5;45;18;11.1
20/05/2019;6;38;15;11.1
20/05/2019;7;33;12;5.0
20/05/2019;8;35;14;10.7
20/05/2019;9;35;15;7.3
20/05/2019;10;35;12;15.6
21/05/2019;1;35;18;5.1
21/05/2019;2;35;16;8.9
21/05/2019;3;35;13;5.0
21/05/2019;4;39;11;5.0
21/05/2019;5;37;13;17.9
21/05/2019;6;37;12;5.0
21/05/2019;7;39;13;5.0
21/05/2019;8;36;13;6.9
21/05/2019;9;42;15;6.5
21/05/2019;10;40;12;11.1
22/05/2019;1;35;14;5.0
22/05/2019;2;40;13;5.4
22/05/2019;3;37;15;5.0
22/05/2019;4;34;17;6.5
22/05/2019;5;40;16;5.0
22/05/2019;6;37;15;9.6
22/05/2019;7;39;9;5.0
22/05/2019;8;38;13;5.0
22/05/2019;9;39;13;5.7
22/05/2019;10;38;14;13.6
23/05/2019;1;37;13;7.2
23/05/2019;2;30;11;5.0
23/05/2019;3;35;11;7.8
23/05/2019;4;32;13;7.2
23/05/2019;5;39;12;5.0
23/05/2019;6;30;12;5.0
23/05/2019;7;38;15;5.0
23/05/2019;8;34;16;11.0
23/05/2019;9;35;15;14.4
23/05/2019;10;36;12;6.4
24/05/2019;1;40;9;5.0
24/05/2019;2;34;11;6.8
24/05/2019;3;35;13;5.0
24/05/2019;4;34;12;10.6
24/05/2019;5;39;11;5.0
24/05/2019;6;34;15;13.0
24/05/2019;7;40;13;5.0
24/05/2019;8;38;14;7.7
24/05/2019;9;37;13;5.0
24/05/2019;10;35;13;7.3
25/05/2019;1;34;14;13.0
25/05/2019;2;34;19;9.1
25/05/2019;3;35;17;6.7
25/05/2019;4;36;12;5.0
25/05/2019;5;40;12;5.0
25/05/2019;6;36;13;5.0
25/05/2019;7;34;10;8.1
25/05/2019;8;32;15;5.0
25/05/2019;9;38;12;10.1
25/05/2019;10;38;13;9.9
26/05/2019;1;39;15;5.6
26/05/2019;2;34;9;5.0
26/05/2019;3;38;10;5.0
26/05/2019;4;33;14;5.0
26/05/2019;5;37;12;9.6
26/05/2019;6;37;15;5.0
26/05/2019;7;38;15;5.0
26/05/2019;8;34;17;6.3
26/05/2019;9;35;13;5.0
26/05/2019;10;36;13;14.7
27/05/2019;1;36;11;12.0
27/05/2019;2;36;16;7.0
27/05/2019;3;37;10;5.0
27/05/2019;4;36;14;6.8
27/05/2019;5;34;16;11.5
27/05/2019;6;39;12;7.3
27/05/2019;7;39;15;5.0
27/05/2019;8;33;12;5.0
27/05/2019;9;35;16;8.0
27/05/2019;10;34;13;8.1
28/05/2019;1;35;7;5.0
28/05/2019;2;40;15;6.1
28/05/2019;3;42;14;5.0
28/05/2019;4;36;12;16.4
28/05/2019;5;37;12;5.1
28/05/2019;6;38;12;6.0
28/05/2019;7;34;11;7.7
28/05/2019;8;33;11;5.7
28/05/2019;9;38;13;5.0
28/05/2019;10;44;12;6.9
29/05/2019;1;36;12;5.0
29/05/2019;2;35;15;5.0
29/05/2019;3;35;14;12.6
29/05/2019;4;39;10;7.0
29/05/2019;5;39;14;15.0
29/05/2019;6;38;15;5.7
29/05/2019;7;37;14;10.3
29/05/2019;8;33;12;5.0
29/05/2019;9;33;13;7.6
29/05/2019;10;35;13;11.2
30/05/2019;1;35;12;8.0
30/05/2019;2;38;10;5.0
30/05/2019;3;31;11;11.2
30/05/2019;4;37;11;5.0
30/05/2019;5;37;12;7.8
30/05/2019;6;37;14;13.4
30/05/2019;7;42;13;12.5
30/05/2019;8;35;15;13.6
30/05/2019;9;37;14;6.0
30/05/2019;10;36;14;5.0
31/05/2019;1;42;13;12.7
31/05/2019;2;33;13;5.0
31/05/2019;3;36;15;5.0
31/05/2019;4;38;14;6.4
31/05/2019;5;37;11;9.9
31/05/2019;6;36;12;9.0
31/05/2019;7;39;14;5.0
31/05/2019;8;38;13;5.0
31/05/2019;9;33;12;6.7
31/05/2019;10;35;15;5.0
01/06/2019;1;37;12;5.0
01/06/2019;2;37;15;5.0
01/06/2019;3;43;12;12.7
01/06/2019;4;38;13;5.0
01/06/2019;5;37;14;8.0
01/06/2019;6;35;11;5.0
01/06/2019;7;41;9;11.8
01/06/2019;8;43;13;5.0
01/06/2019;9;41;12;6.0
01/06/2019;10;40;9;5.0
02/06/2019;1;32;14;7.4
02/06/2019;2;41;14;5.0
02/06/2019;3;29;17;13.8
02/06/2019;4;35;13;6.5
02/06/2019;5;41;14;10.5
02/06/2019;6;44;13;5.0
02/06/2019;7;38;18;8.8
02/06/2019;8;31;17;7.5
02/06/2019;9;39;15;6.0
02/06/2019;10;32;11;8.4
03/06/2019;1;37;18;5.0
03/06/2019;2;34;12;5.0
03/06/2019;3;40;13;10.3
03/06/2019;4;35;14;5.0
03/06/2019;5;37;17;9.9
03/06/2019;6;40;14;11.0
03/06/2019;7;36;14;5.0
03/06/2019;8;32;12;5.0
03/06/2019;9;31;19;11.8
03/06/2019;10;36;14;5.0
04/06/2019;1;39;11;5.0
04/06/2019;2;36;9;6.3
04/06/2019;3;36;17;6.2
04/06/2019;4;38;13;13.6
04/06/2019;5;39;15;8.8
04/06/2019;6;36;12;5.0
04/06/2019;7;46;14;5.0
04/06/2019;8;36;17;15.9
04/06/2019;9;33;13;5.0
04/06/2019;10;39;14;5.0
05/06/2019;1;38;16;5.0
05/06/2019;2;35;14;5.0
05/06/2019;3;35;16;5.0
05/06/2019;4;38;11;5.0
05/06/2019;5;37;13;5.0
05/06/2019;6;36;11;5.0
05/06/2019;7;35;11;6.4
05/06/2019;8;38;11;5.0
05/06/2019;9;35;15;5.0
05/06/2019;10;36;13;9.3
06/06/2019;1;41;12;5.0
06/06/2019;2;35;11;7.5
06/06/2019;3;34;13;5.0
06/06/2019;4;42;14;7.6
06/06/2019;5;35;8;5.0
06/06/2019;6;43;13;9.5
06/06/2019;7;37;10;5.0
06/06/2019;8;34;13;10.5
06/06/2019;9;38;16;5.0
06/06/2019;10;34;16;8.4
07/06/2019;1;36;15;7.3
07/06/2019;2;42;12;11.4
07/06/2019;3;36;11;5.0
07/06/2019;4;41;12;11.1
07/06/2019;5;36;15;16.3
07/06/2019;6;37;12;5.3
07/06/2019;7;37;12;5.0
07/06/2019;8;36;16;5.1
07/06/2019;9;37;14;5.0
07/06/2019;10;39;15;5.0
08/06/2019;1;34;16;5.0
08/06/2019;2;33;12;5.0
08/06/2019;3;38;14;5.0
08/06/2019;4;36;13;11.1
08/06/2019;5;37;17;7.8
08/06/2019;6;39;10;5.0
08/06/2019;7;32;12;5.0
08/06/2019;8;40;13;6.5
08/06/2019;9;43;12;5.0
08/06/2019;10;35;12;16.2
09/06/2019;1;41;12;6.9
09/06/2019;2;37;13;5.0
09/06/2019;3;31;18;5.0
09/06/2019;4;44;15;5.0
09/06/2019;5;39;11;9.9
09/06/2019;6;41;18;5.0
09/06/2019;7;32;14;5.0
09/06/2019;8;32;12;5.0
09/06/2019;9;39;12;5.0
09/06/2019;10;38;12;5.0
10/06/2019;1;37;13;8.7
10/06/2019;2;37;14;10.7
10/06/2019;3;34;9;5.0
10/06/2019;4;39;11;6.0
10/06/2019;5;36;10;9.8
10/06/2019;6;36;14;5.0
10/06/2019;7;36;15;5.0
10/06/2019;8;41;13;7.4
10/06/2019;9;37;14;5.0
10/06/2019;10;39;14;5.0
11/06/2019;1;36;14;9.0
11/06/2019;2;38;14;8.5
11/06/2019;3;39;15;5.0
11/06/2019;4;36;11;5.0
11/06/2019;5;34;18;8.5
11/06/2019;6;44;12;7.0
11/06/2019;7;39;14;5.0
11/06/2019;8;34;15;11.1
11/06/2019;9;32;13;8.5
11/06/2019;10;37;10;5.0
12/06/2019;1;31;12;11.4
12/06/2019;2;37;15;5.0
12/06/2019;3;37;14;9.5
12/06/2019;4;33;15;6.8
12/06/2019;5;37;10;11.2
12/06/2019;6;37;16;5.0
12/06/2019;7;36;11;13.3
12/06/2019;8;37;12;5.0
12/06/2019;9;36;10;5.0
12/06/2019;10;33;14;5.0
13/06/2019;1;42;13;5.0
13/06/2019;2;41;15;9.2
13/06/2019;3;36;15;5.0
13/06/2019;4;40;12;10.0
13/06/2019;5;37;12;5.0
13/06/2019;6;36;13;7.4
13/06/2019;7;33;15;15.2
13/06/2019;8;35;13;5.0
13/06/2019;9;40;16;5.0
13/06/2019;10;38;11;13.7
14/06/2019;1;37;12;11.9
14/06/2019;2;36;15;5.0
14/06/2019;3;35;16;7.7
14/06/2019;4;32;15;12.5
14/06/2019;5;35;16;12.5
14/06/2019;6;47;14;6.7
14/06/2019;7;37;12;8.5
14/06/2019;8;38;10;6.2
14/06/2019;9;37;15;8.7
14/06/2019;10;37;14;7.1
15/06/2019;1;36;13;18.1
15/06/2019;2;44;13;6.4
15/06/2019;3;35;15;5.0
15/06/2019;4;38;13;5.0
15/06/2019;5;36;15;5.0
15/06/2019;6;37;14;8.7
15/06/2019;7;35;15;5.7
15/06/2019;8;38;15;5.0
15/06/2019;9;39;12;8.1
15/06/2019;10;44;14;11.6
16/06/2019;1;31;15;7.0
16/06/2019;2;41;10;5.0
16/06/2019;3;38;13;5.0
16/06/2019;4;40;12;11.3
16/06/2019;5;33;14;6.9
16/06/2019;6;40;12;5.0
16/06/2019;7;42;11;14.0
16/06/2019;8;36;17;9.3
16/06/2019;9;36;13;5.7
16/06/2019;10;34;12;5.0
17/06/2019;1;38;14;5.0
17/06/2019;2;32;13;9.8
17/06/2019;3;40;13;5.0
17/06/2019;4;36;13;5.0
17/06/2019;5;38;13;5.0
17/06/2019;6;41;10;14.1
17/06/2019;7;39;15;5.0
17/06/2019;8;37;14;9.8
17/06/2019;9;40;11;5.0
17/06/2019;10;34;12;5.2
18/06/2019;1;42;9;6.4
18/06/2019;2;40;13;9.5
18/06/2019;3;42;18;12.7
18/06/2019;4;36;11;10.8
18/06/2019;5;36;13;5.0
18/06/2019;6;38;16;5.0
18/06/2019;7;38;17;6.4
18/06/2019;8;36;12;14.5
18/06/2019;9;46;13;5.0
18/06/2019;10;35;8;16.0
19/06/2019;1;37;16;8.4
19/06/2019;2;34;16;8.2
19/06/2019;3;39;18;7.1
19/06/2019;4;43;12;5.0
19/06/2019;5;38;14;5.0
19/06/2019;6;38;16;5.0
19/06/2019;7;37;17;7.0
19/06/2019;8;35;10;5.0
19/06/2019;9;37;12;8.8
19/06/2019;10;40;15;5.0
20/06/2019;1;36;11;8.0
20/06/2019;2;36;14;5.0
20/06/2019;3;40;13;5.0
20/06/2019;4;34;17;5.0
20/06/2019;5;40;15;5.0
20/06/2019;6;34;11;6.3
20/06/2019;7;41;14;5.9
20/06/2019;8;40;13;5.0
20/06/2019;9;29;13;5.0
20/06/2019;10;41;15;6.5
21/06/2019;1;33;11;5.0
21/06/2019;2;36;11;5.0
21/06/2019;3;36;15;8.4
21/06/2019;4;38;10;20.9
21/06/2019;5;33;16;7.2
21/06/2019;6;35;16;5.0
21/06/2019;7;38;16;9.5
21/06/2019;8;35;15;5.0
21/06/2019;9;30;16;5.1
21/06/2019;10;40;13;13.6
22/06/2019;1;39;11;5.0
22/06/2019;2;35;14;5.5
22/06/2019;3;41;15;8.1
22/06/2019;4;30;10;5.0
22/06/2019;5;40;14;8.3
22/06/2019;6;36;12;5.0
22/06/2019;7;36;16;5.0
22/06/2019;8;38;15;10.7
22/06/2019;9;37;9;5.2
22/06/2019;10;42;14;8.3
23/06/2019;1;39;15;11.7
23/06/2019;2;34;11;7.9
23/06/2019;3;30;13;5.0
23/06/2019;4;38;12;5.0
23/06/2019;5;31;14;11.4
23/06/2019;6;35;13;9.1
23/06/2019;7;35;13;14.3
23/06/2019;8;34;15;5.0
23/06/2019;9;37;14;5.4
23/06/2019;10;36;17;6.9
24/06/2019;1;38;10;5.0
24/06/2019;2;33;15;5.0
24/06/2019;3;32;16;5.0
24/06/2019;4;32;13;12.1
24/06/2019;5;36;13;5.0
24/06/2019;6;38;15;6.2
24/06/2019;7;37;11;11.4
24/06/2019;8;34;12;11.4
24/06/2019;9;38;12;6.6
24/06/2019;10;43;14;9.5
25/06/2019;1;38;12;5.0
25/06/2019;2;39;14;10.0
25/06/2019;3;37;14;5.0
25/06/2019;4;33;15;9.3
25/06/2019;5;35;15;6.1
25/06/2019;6;36;11;6.9
25/06/2019;7;35;12;6.5
25/06/2019;8;38;13;9.5
25/06/2019;9;32;11;11.6
25/06/2019;10;33;15;5.0
26/06/2019;1;41;14;5.0
26/06/2019;2;36;14;14.0
26/06/2019;3;28;15;5.0
26/06/2019;4;39;16;17.9
26/06/2019;5;38;15;5.0
26/06/2019;6;32;16;7.6
26/06/2019;7;40;12;9.8
26/06/2019;8;36;9;5.1
26/06/2019;9;36;12;13.3
26/06/2019;10;39;13;6.3
27/06/2019;1;40;12;6.4
27/06/2019;2;32;13;9.5
27/06/2019;3;34;13;5.0
27/06/2019;4;37;12;10.0
27/06/2019;5;34;15;7.5
27/06/2019;6;35;12;11.1
27/06/2019;7;42;14;7.6
27/06/2019;8;38;13;6.9
27/06/2019;9;34;11;10.9
27/06/2019;10;36;14;17.0
28/06/2019;1;40;13;5.0
28/06/2019;2;35;13;6.7
28/06/2019;3;36;9;10.3
28/06/2019;4;39;11;6.6
28/06/2019;5;36;16;5.0
28/06/2019;6;39;12;5.0
28/06/2019;7;35;10;5.0
28/06/2019;8;37;15;7.6
28/06/2019;9;42;17;20.5
28/06/2019;10;37;15;14.4
29/06/2019;1;37;14;5.0
29/06/2019;2;39;13;5.0
29/06/2019;3;31;18;5.0
29/06/2019;4;40;14;7.9
29/06/2019;5;35;15;14.7
29/06/2019;6;41;13;5.1
29/06/2019;7;37;11;7.7
29/06/2019;8;38;14;9.1
29/06/2019;9;33;11;8.5
29/06/2019;10;38;10;13.5
30/06/2019;1;35;14;5.0
30/06/2019;2;38;17;5.0
30/06/2019;3;35;14;5.0
30/06/2019;4;35;12;6.4
30/06/2019;5;35;18;5.0
30/06/2019;6;37;12;5.0
30/06/2019;7;33;17;11.5
30/06/2019;8;41;17;13.0
30/06/2019;9;45;14;7.7
30/06/2019;10;35;15;15.9
01/07/2019;1;35;16;5.0
01/07/2019;2;40;14;5.0
01/07/2019;3;41;13;8.6
01/07/2019;4;33;14;10.9
01/07/2019;5;37;11;8.3
01/07/2019;6;41;12;14.0
01/07/2019;7;37;11;9.0
01/07/2019;8;34;13;5.0
01/07/2019;9;35;10;10.1
01/07/2019;10;38;13;6.9
02/07/2019;1;37;13;5.0
02/07/2019;2;34;14;5.0
02/07/2019;3;36;12;5.0
02/07/2019;4;35;12;5.0
02/07/2019;5;34;15;5.0
02/07/2019;6;41;12;9.0
02/07/2019;7;40;17;5.2
02/07/2019;8;39;15;7.0
02/07/2019;9;37;14;5.5
02/07/2019;10;36;15;6.9
03/07/2019;1;36;15;5.0
03/07/2019;2;34;14;5.0
03/07/2019;3;38;11;10.1
03/07/2019;4;38;11;8.7
03/07/2019;5;39;16;5.4
03/07/2019;6;34;19;5.0
03/07/2019;7;41;10;8.8
03/07/2019;8;39;12;5.0
03/07/2019;9;35;17;12.6
03/07/2019;10;36;11;5.5
04/07/2019;1;39;13;11.9
04/07/2019;2;40;18;5.0
04/07/2019;3;38;16;18.6
04/07/2019;4;37;14;5.0
04/07/2019;5;34;11;5.2
04/07/2019;6;35;13;5.0
04/07/2019;7;35;15;5.0
04/07/2019;8;41;16;7.0
04/07/2019;9;36;15;5.0
04/07/2019;10;36;11;5.0
05/07/2019;1;35;9;5.0
05/07/2019;2;34;14;7.8
05/07/2019;3;32;16;8.8
05/07/2019;4;36;16;10.6
05/07/2019;5;36;14;7.4
05/07/2019;6;43;14;5.0
05/07/2019;7;35;16;7.8
05/07/2019;8;36;14;5.1
05/07/2019;9;37;14;9.7
05/07/2019;10;35;18;5.0
06/07/2019;1;40;11;5.0
06/07/2019;2;38;12;7.3
06/07/2019;3;36;11;5.0
06/07/2019;4;40;14;5.0
06/07/2019;5;37;15;7.3
06/07/2019;6;35;13;5.0
06/07/2019;7;37;12;7.0
06/07/2019;8;30;14;6.3
06/07/2019;9;42;10;5.0
06/07/2019;10;39;11;9.2
07/07/2019;1;33;15;6.5
07/07/2019;2;35;16;14.2
07/07/2019;3;37;13;13.7
07/07/2019;4;30;15;5.0
07/07/2019;5;37;11;5.0
07/07/2019;6;33;14;5.0
07/07/2019;7;35;17;17.9
07/07/2019;8;38;12;5.0
07/07/2019;9;36;14;5.0
07/07/2019;10;40;16;5.0
08/07/2019;1;37;13;10.2
08/07/2019;2;36;15;7.9
08/07/2019;3;34;15;5.0
08/07/2019;4;41;14;7.0
08/07/2019;5;33;17;5.0
08/07/2019;6;33;12;8.0
08/07/2019;7;34;12;15.6
08/07/2019;8;39;15;12.2
08/07/2019;9;40;13;10.7
08/07/2019;10;36;13;12.2
09/07/2019;1;31;14;5.9
09/07/2019;2;36;9;5.0
09/07/2019;3;37;15;5.0
09/07/2019;4;38;16;5.0
09/07/2019;5;34;15;11.8
09/07/2019;6;37;9;9.0
09/07/2019;7;44;13;8.1
09/07/2019;8;34;15;5.0
09/07/2019;9;31;17;10.2
09/07/2019;10;38;11;6.6
10/07/2019;1;33;14;5.0
10/07/2019;2;34;16;5.0
10/07/2019;3;34;15;5.0
10/07/2019;4;33;13;5.0
10/07/2019;5;39;15;5.4
10/07/2019;6;41;14;5.0
10/07/2019;7;39;11;5.0
10/07/2019;8;39;17;5.0
10/07/2019;9;39;14;7.4
10/07/2019;10;38;11;7.2
11/07/2019;1;37;13;7.7
11/07/2019;2;35;12;5.0
11/07/2019;3;36;11;5.2
11/07/2019;4;34;9;5.7
11/07/2019;5;43;16;11.1
11/07/2019;6;36;14;7.9
11/07/2019;7;32;15;5.8
11/07/2019;8;31;14;5.0
11/07/2019;9;38;10;5.7
11/07/2019;10;31;16;5.0
12/07/2019;1;37;13;8.3
12/07/2019;2;35;15;5.5
12/07/2019;3;34;14;5.0
12/07/2019;4;34;11;18.1
12/07/2019;5;34;12;12.1
12/07/2019;6;35;14;7.3
12/07/2019;7;33;13;5.0
12/07/2019;8;45;16;8.7
12/07/2019;9;45;13;9.3
12/07/2019;10;40;14;7.9
13/07/2019;1;36;17;7.8
13/07/2019;2;39;16;5.0
13/07/2019;3;33;12;7.4
13/07/2019;4;28;16;8.0
13/07/2019;5;38;15;7.1
13/07/2019;6;38;11;11.7
13/07/2019;7;40;17;5.0
13/07/2019;8;38;14;7.1
13/07/2019;9;33;13;5.0
13/07/2019;10;34;14;10.0
14/07/2019;1;37;11;5.0
14/07/2019;2;37;15;9.3
14/07/2019;3;34;13;8.3
14/07/2019;4;40;14;5.0
14/07/2019;5;34;11;7.2
14/07/2019;6;36;13;5.0
14/07/2019;7;37;14;5.0
14/07/2019;8;37;16;5.0
14/07/2019;9;39;8;6.8
14/07/2019;10;29;13;13.7
15/07/2019;1;34;16;6.1
15/07/2019;2;34;13;6.9
15/07/2019;3;41;9;8.0
15/07/2019;4;33;14;5.0
15/07/2019;5;37;13;10.3
15/07/2019;6;43;14;5.0
15/07/2019;7;33;11;8.1
15/07/2019;8;41;14;12.7
15/07/2019;9;36;12;5.0
15/07/2019;10;40;9;6.1
16/07/2019;1;36;13;5.0
16/07/2019;2;41;12;19.4
16/07/2019;3;34;13;5.0
16/07/2019;4;35;10;13.7
16/07/2019;5;32;12;13.6
16/07/2019;6;39;11;10.5
16/07/2019;7;32;14;5.0
16/07/2019;8;37;14;5.9
16/07/2019;9;36;11;8.8
16/07/2019;10;38;11;5.9
17/07/2019;1;38;10;5.0
17/07/2019;2;36;13;5.5
17/07/2019;3;38;18;5.7
17/07/2019;4;39;14;5.5
17/07/2019;5;37;9;8.1
17/07/2019;6;35;15;7.4
17/07/2019;7;41;15;5.0
17/07/2019;8;32;11;6.4
17/07/2019;9;35;13;8.5
17/07/2019;10;40;13;10.9
18/07/2019;1;33;14;11.5
18/07/2019;2;39;14;9.4
18/07/2019;3;33;13;14.3
18/07/2019;4;35;12;5.0
18/07/2019;5;33;12;18.2
18/07/2019;6;36;14;5.0
18/07/2019;7;33;16;17.5
18/07/2019;8;42;15;8.9
18/07/2019;9;30;15;12.0
18/07/2019;10;36;14;5.0
19/07/2019;1;32;14;5.0
19/07/2019;2;35;11;13.9
19/07/2019;3;38;10;5.0
19/07/2019;4;38;14;5.0
19/07/2019;5;37;16;6.0
19/07/2019;6;38;11;9.8
19/07/2019;7;32;15;6.8
19/07/2019;8;34;11;13.0
19/07/2019;9;37;13;5.0
19/07/2019;10;38;10;5.0
20/07/2019;1;35;18;6.1
20/07/2019;2;34;13;5.0
20/07/2019;3;30;12;5.0
20/07/2019;4;39;13;7.0
20/07/2019;5;34;16;6.2
20/07/2019;6;34;12;8.3
20/07/2019;7;37;11;8.1
20/07/2019;8;37;16;6.5
20/07/2019;9;37;16;9.5
20/07/2019;10;41;15;5.0
21/07/2019;1;39;14;5.0
21/07/2019;2;38;15;12.0
21/07/2019;3;37;12;10.3
21/07/2019;4;38;12;14.6
21/07/2019;5;38;14;5.9
21/07/2019;6;32;12;8.0
21/07/2019;7;45;13;5.0
21/07/2019;8;36;13;7.6
21/07/2019;9;32;15;21.3
21/07/2019;10;37;11;5.0
22/07/2019;1;39;14;6.7
22/07/2019;2;35;15;5.0
22/07/2019;3;36;11;5.0
22/07/2019;4;33;12;19.9
22/07/2019;5;41;15;5.0
22/07/2019;6;35;14;5.0
22/07/2019;7;36;15;5.0
22/07/2019;8;35;14;5.0
22/07/2019;9;37;13;5.0
22/07/2019;10;39;14;8.4
23/07/2019;1;44;16;5.0
23/07/2019;2;35;13;13.5
23/07/2019;3;31;16;5.0
23/07/2019;4;36;11;5.0
23/07/2019;5;36;14;5.0
23/07/2019;6;38;13;5.0
23/07/2019;7;38;15;5.3
23/07/2019;8;41;15;5.8
23/07/2019;9;41;14;11.2
23/07/2019;10;35;11;5.0
24/07/2019;1;34;14;5.0
24/07/2019;2;33;9;6.9
24/07/2019;3;33;11;5.0
24/07/2019;4;32;15;5.0
24/07/2019;5;32;13;18.7
24/07/2019;6;30;13;6.7
24/07/2019;7;42;11;5.0
24/07/2019;8;39;14;8.6
24/07/2019;9;37;16;5.0
24/07/2019;10;36;16;5.0
25/07/2019;1;37;14;5.0
25/07/2019;2;36;13;5.0
25/07/2019;3;36;12;5.0
25/07/2019;4;42;17;5.0
25/07/2019;5;40;14;9.3
25/07/2019;6;37;14;13.9
25/07/2019;7;43;13;5.8
25/07/2019;8;31;14;8.7
25/07/2019;9;37;12;5.0
25/07/2019;10;43;13;5.0
26/07/2019;1;35;13;7.6
26/07/2019;2;37;12;12.5
26/07/2019;3;37;11;5.0
26/07/2019;4;35;14;5.0
26/07/2019;5;45;15;13.4
26/07/2019;6;37;11;6.4
26/07/2019;7;33;11;12.7
26/07/2019;8;40;13;5.0
26/07/2019;9;35;9;12.8
26/07/2019;10;37;13;12.2
27/07/2019;1;32;17;5.0
27/07/2019;2;32;12;7.4
27/07/2019;3;32;13;10.2
27/07/2019;4;40;15;7.4
27/07/2019;5;33;13;5.0
27/07/2019;6;33;15;13.3
27/07/2019;7;42;11;10.7
27/07/2019;8;41;11;5.0
27/07/2019;9;37;11;10.8
27/07/2019;10;33;16;5.0
28/07/2019;1;34;16;5.0
28/07/2019;2;33;14;11.9
28/07/2019;3;37;17;5.0
28/07/2019;4;36;12;15.4
28/07/2019;5;38;18;7.8
28/07/2019;6;42;15;8.9
28/07/2019;7;33;10;6.3
28/07/2019;8;36;12;5.0
28/07/2019;9;33;12;6.2
28/07/2019;10;34;13;5.0
29/07/2019;1;32;16;5.0
29/07/2019;2;38;14;7.6
29/07/2019;3;36;15;5.0
29/07/2019;4;40;14;5.0
29/07/2019;5;36;12;12.4
29/07/2019;6;34;14;7.9
29/07/2019;7;36;12;11.6
29/07/2019;8;35;12;6.1
29/07/2019;9;37;11;5.0
29/07/2019;10;39;12;5.0
30/07/2019;1;37;15;17.6
30/07/2019;2;38;12;5.0
30/07/2019;3;35;12;6.2
30/07/2019;4;36;13;5.0
30/07/2019;5;36;13;11.9
30/07/2019;6;31;14;16.2
30/07/2019;7;39;14;5.0
30/07/2019;8;38;17;6.5
30/07/2019;9;34;12;7.2
30/07/2019;10;38;13;5.0
31/07/2019;1;38;15;7.1
31/07/2019;2;36;15;5.0
31/07/2019;3;31;14;8.6
31/07/2019;4;36;11;13.6
31/07/2019;5;38;16;5.0
31/07/2019;6;33;11;5.0
31/07/2019;7;37;11;7.4
31/07/2019;8;31;8;10.2
31/07/2019;9;35;13;5.2
31/07/2019;10;38;11;5.0
01/08/2019;1;31;12;5.0
01/08/2019;2;37;10;8.6
01/08/2019;3;36;15;13.3
01/08/2019;4;37;13;10.6
01/08/2019;5;35;13;5.0
01/08/2019;6;38;12;11.2
01/08/2019;7;30;11;8.6
01/08/2019;8;39;15;12.0
01/08/2019;9;39;8;5.0
01/08/2019;10;42;16;5.0
02/08/2019;1;44;12;5.0
02/08/2019;2;41;11;5.7
02/08/2019;3;40;16;15.4
02/08/2019;4;37;12;14.3
02/08/2019;5;30;15;5.0
02/08/2019;6;34;12;5.0
02/08/2019;7;36;13;5.0
02/08/2019;8;33;14;7.0
02/08/2019;9;38;16;12.1
02/08/2019;10;34;12;9.3
03/08/2019;1;34;10;5.0
03/08/2019;2;36;13;5.0
03/08/2019;3;37;14;5.0
03/08/2019;4;34;18;5.0
03/08/2019;5;37;16;8.8
03/08/2019;6;36;9;5.9
03/08/2019;7;37;13;8.5
03/08/2019;8;32;15;11.3
03/08/2019;9;34;17;8.5
03/08/2019;10;42;16;17.1
04/08/2019;1;36;16;6.7
04/08/2019;2;39;11;6.5
04/08/2019;3;38;15;5.0
04/08/2019;4;37;17;7.1
04/08/2019;5;34;13;5.0
04/08/2019;6;37;15;12.3
04/08/2019;7;34;13;5.0
04/08/2019;8;39;12;5.0
04/08/2019;9;36;13;14.0
04/08/2019;10;33;15;5.0
05/08/2019;1;37;10;8.8
05/08/2019;2;35;15;5.1
05/08/2019;3;33;15;5.0
05/08/2019;4;42;13;15.1
05/08/2019;5;36;15;9.0
05/08/2019;6;37;10;5.0
05/08/2019;7;36;12;6.5
05/08/2019;8;35;13;5.0
05/08/2019;9;37;15;8.2
05/08/2019;10;36;13;5.0
06/08/2019;1;36;10;5.0
06/08/2019;2;34;15;5.0
06/08/2019;3;37;11;5.0
06/08/2019;4;37;14;5.8
06/08/2019;5;40;13;5.0
06/08/2019;6;36;13;9.6
06/08/2019;7;34;16;5.0
06/08/2019;8;33;12;12.9
06/08/2019;9;31;16;5.0
06/08/2019;10;33;17;16.3
07/08/2019;1;39;12;5.6
07/08/2019;2;35;14;6.2
07/08/2019;3;38;15;5.0
07/08/2019;4;36;13;13.6
07/08/2019;5;40;13;11.9
07/08/2019;6;35;13;6.9
07/08/2019;7;35;14;5.5
07/08/2019;8;32;12;5.0
07/08/2019;9;37;16;5.0
07/08/2019;10;39;13;7.7
08/08/2019;1;36;16;13.1
08/08/2019;2;33;14;5.8
08/08/2019;3;38;10;8.6
08/08/2019;4;33;15;5.8
08/08/2019;5;40;12;5.7
08/08/2019;6;39;10;6.6
08/08/2019;7;37;14;6.8
08/08/2019;8;38;15;5.7
08/08/2019;9;39;12;5.6
08/08/2019;10;38;11;8.1
09/08/2019;1;36;14;16.0
09/08/2019;2;37;13;9.5
09/08/2019;3;32;13;5.0
09/08/2019;4;36;14;5.0
09/08/2019;5;36;13;8.3
09/08/2019;6;38;12;8.1
09/08/2019;7;37;12;7.1
09/08/2019;8;35;12;5.0
09/08/2019;9;41;10;5.0
09/08/2019;10;36;16;8.1
10/08/2019;1;42;15;5.0
10/08/2019;2;36;11;5.0
10/08/2019;3;38;13;9.8
10/08/2019;4;36;18;10.2
10/08/2019;5;39;15;5.9
10/08/2019;6;36;12;6.6
10/08/2019;7;43;12;5.0
10/08/2019;8;37;11;8.8
10/08/2019;9;40;15;7.6
10/08/2019;10;35;13;9.9
11/08/2019;1;33;16;6.0
11/08/2019;2;38;10;5.0
11/08/2019;3;34;14;5.0
11/08/2019;4;38;15;16.3
11/08/2019;5;37;14;5.0
11/08/2019;6;34;12;8.9
11/08/2019;7;37;11;6.4
11/08/2019;8;35;12;13.7
11/08/2019;9;37;14;5.0
11/08/2019;10;34;14;5.0
12/08/2019;1;38;10;5.0
12/08/2019;2;37;12;5.0
12/08/2019;3;33;14;8.2
12/08/2019;4;39;10;5.1
12/08/2019;5;35;15;11.6
12/08/2019;6;36;10;6.6
12/08/2019;7;37;12;5.0
12/08/2019;8;36;13;12.4
12/08/2019;9;33;13;12.0
12/08/2019;10;30;13;6.8
13/08/2019;1;40;12;5.0
13/08/2019;2;41;15;6.2
13/08/2019;3;40;18;5.0
13/08/2019;4;38;13;6.0
13/08/2019;5;30;15;5.0
13/08/2019;6;38;15;5.0
13/08/2019;7;35;16;10.0
13/08/2019;8;40;12;10.5
13/08/2019;9;32;14;6.4
13/08/2019;10;35;12;5.0
14/08/2019;1;35;16;14.9
14/08/2019;2;36;14;17.1
14/08/2019;3;35;17;5.8
14/08/2019;4;33;11;5.7
14/08/2019;5;30;12;10.9
14/08/2019;6;33;11;5.0
14/08/2019;7;36;14;6.8
14/08/2019;8;37;13;5.0
14/08/2019;9;33;16;9.9
14/08/2019;10;39;15;9.4
15/08/2019;1;36;15;5.0
15/08/2019;2;39;12;17.4
15/08/2019;3;42;12;5.0
15/08/2019;4;34;13;10.8
15/08/2019;5;27;16;8.1
15/08/2019;6;40;13;10.9
15/08/2019;7;36;13;5.0
15/08/2019;8;44;14;5.0
15/08/2019;9;33;15;14.7
15/08/2019;10;32;11;9.0
16/08/2019;1;34;16;8.8
16/08/2019;2;36;13;5.0
16/08/2019;3;39;16;6.5
16/08/2019;4;36;10;8.4
16/08/2019;5;38;15;5.5
16/08/2019;6;29;14;5.0
16/08/2019;7;35;10;5.0
16/08/2019;8;41;16;5.0
16/08/2019;9;33;18;6.0
16/08/2019;10;36;15;17.0
17/08/2019;1;36;15;11.9
17/08/2019;2;34;15;7.1
17/08/2019;3;38;11;5.0
17/08/2019;4;32;16;9.1
17/08/2019;5;36;13;6.7
17/08/2019;6;38;14;5.0
17/08/2019;7;34;12;5.4
17/08/2019;8;39;12;8.2
17/08/2019;9;38;16;5.0
17/08/2019;10;34;12;7.2
18/08/2019;1;34;13;8.8
18/08/2019;2;38;15;9.3
18/08/2019;3;37;14;13.3
18/08/2019;4;41;11;9.2
18/08/2019;5;33;10;9.6
18/08/2019;6;32;9;17.0
18/08/2019;7;32;16;12.8
18/08/2019;8;40;15;5.3
18/08/2019;9;36;16;8.6
18/08/2019;10;33;15;5.0
19/08/2019;1;38;13;5.0
19/08/2019;2;41;14;5.0
19/08/2019;3;37;12;19.7
19/08/2019;4;34;14;12.8
19/08/2019;5;30;14;7.1
19/08/2019;6;41;13;6.2
19/08/2019;7;35;13;11.2
19/08/2019;8;32;10;5.0
19/08/2019;9;34;10;8.8
19/08/2019;10;39;14;8.4
20/08/2019;1;39;11;9.6
20/08/2019;2;32;14;5.0
20/08/2019;3;35;13;5.8
20/08/2019;4;37;16;17.6
20/08/2019;5;35;14;5.0
20/08/2019;6;33;12;16.2
20/08/2019;7;40;16;17.0
20/08/2019;8;35;12;5.9
20/08/2019;9;33;15;5.0
20/08/2019;10;35;14;5.0
21/08/2019;1;33;14;7.9
21/08/2019;2;35;15;5.0
21/08/2019;3;38;14;5.0
21/08/2019;4;31;13;9.4
21/08/2019;5;36;13;12.1
21/08/2019;6;34;14;11.0
21/08/2019;7;37;13;5.0
21/08/2019;8;33;12;11.7
21/08/2019;9;39;15;5.0
21/08/2019;10;32;14;5.0
22/08/2019;1;31;12;5.0
22/08/2019;2;34;11;10.7
22/08/2019;3;34;12;5.0
22/08/2019;4;36;16;6.8
22/08/2019;5;34;18;10.5
22/08/2019;6;37;14;5.0
22/08/2019;7;36;15;5.0
22/08/2019;8;36;12;12.0
22/08/2019;9;35;15;7.3
22/08/2019;10;35;13;8.5
23/08/2019;1;35;15;7.9
23/08/2019;2;39;14;7.1
23/08/2019;3;33;14;5.0
23/08/2019;4;32;18;5.0
23/08/2019;5;31;16;5.0
23/08/2019;6;35;17;8.7
23/08/2019;7;40;10;5.0
23/08/2019;8;36;12;6.9
23/08/2019;9;40;15;5.0
23/08/2019;10;39;12;5.4
24/08/2019;1;42;13;5.0
24/08/2019;2;48;15;5.0
24/08/2019;3;42;14;11.2
24/08/2019;4;33;11;12.1
24/08/2019;5;36;14;8.2
24/08/2019;6;34;15;13.8
24/08/2019;7;37;11;5.0
24/08/2019;8;31;15;13.7
24/08/2019;9;35;14;9.5
24/08/2019;10;34;14;5.0
25/08/2019;1;38;12;8.6
25/08/2019;2;36;14;5.0
25/08/2019;3;32;14;5.0
25/08/2019;4;36;13;5.0
25/08/2019;5;40;16;15.3
25/08/2019;6;38;13;5.0
25/08/2019;7;34;13;5.0
25/08/2019;8;37;14;14.2
25/08/2019;9;41;13;5.0
25/08/2019;10;37;15;5.0
26/08/2019;1;43;11;9.5
26/08/2019;2;44;14;5.0
26/08/2019;3;41;14;5.0
26/08/2019;4;39;15;9.3
26/08/2019;5;35;16;5.0
26/08/2019;6;35;14;11.1
26/08/2019;7;40;12;15.5
26/08/2019;8;40;15;5.0
26/08/2019;9;37;13;5.0
26/08/2019;10;32;12;5.0
27/08/2019;1;39;13;13.2
27/08/2019;2;38;15;5.0
27/08/2019;3;33;16;5.1
27/08/2019;4;33;16;8.0
27/08/2019;5;41;11;5.0
27/08/2019;6;34;14;5.0
27/08/2019;7;37;14;12.7
27/08/2019;8;40;12;6.2
27/08/2019;9;39;14;15.7
27/08/2019;10;38;14;7.5
28/08/2019;1;35;14;5.0
28/08/2019;2;39;14;5.0
28/08/2019;3;36;12;5.0
28/08/2019;4;37;15;5.0
28/08/2019;5;37;10;11.0
28/08/2019;6;35;16;17.8
28/08/2019;7;39;15;5.0
28/08/2019;8;37;12;13.0
28/08/2019;9;38;13;5.0
28/08/2019;10;31;10;10.2
29/08/2019;1;30;11;13.9
29/08/2019;2;34;12;11.9
29/08/2019;3;38;14;16.9
29/08/2019;4;33;15;5.0
29/08/2019;5;36;14;7.9
29/08/2019;6;36;8;13.2
29/08/2019;7;38;14;9.0
29/08/2019;8;40;13;5.0
29/08/2019;9;38;12;8.3
29/08/2019;10;39;11;10.8
30/08/2019;1;40;15;7.3
30/08/2019;2;36;12;5.0
30/08/2019;3;40;12;5.0
30/08/2019;4;35;13;5.0
30/08/2019;5;39;13;5.0
30/08/2019;6;34;14;5.0
30/08/2019;7;36;13;6.5
30/08/2019;8;35;13;5.0
30/08/2019;9;39;13;5.0
30/08/2019;10;34;17;8.4
31/08/2019;1;37;13;7.1
31/08/2019;2;38;13;5.1
31/08/2019;3;37;16;5.1
31/08/2019;4;37;12;12.5
31/08/2019;5;37;15;5.0
31/08/2019;6;39;14;6.6
31/08/2019;7;36;11;5.0
31/08/2019;8;39;14;5.0
31/08/2019;9;36;16;9.0
31/08/2019;10;39;13;13.1
01/09/2019;1;41;12;5.0
01/09/2019;2;36;13;5.3
01/09/2019;3;39;17;5.0
01/09/2019;4;37;12;5.0
01/09/2019;5;39;14;5.2
01/09/2019;6;33;15;5.0
01/09/2019;7;32;10;5.0
01/09/2019;8;36;10;11.4
01/09/2019;9;36;12;5.0
01/09/2019;10;39;12;5.0
02/09/2019;1;40;13;13.4
02/09/2019;2;34;13;5.0
02/09/2019;3;39;15;6.6
02/09/2019;4;40;13;7.5
02/09/2019;5;29;15;5.0
02/09/2019;6;39;12;5.0
02/09/2019;7;35;11;5.0
02/09/2019;8;37;13;9.9
02/09/2019;9;39;13;5.0
02/09/2019;10;40;13;18.0
03/09/2019;1;40;14;6.1
03/09/2019;2;38;11;14.1
03/09/2019;3;35;16;5.0
03/09/2019;4;33;12;11.6
03/09/2019;5;36;13;6.8
03/09/2019;6;35;16;15.7
03/09/2019;7;39;15;5.0
03/09/2019;8;43;11;5.0
03/09/2019;9;40;15;14.0
03/09/2019;10;39;13;5.0
04/09/2019;1;34;13;10.4
04/09/2019;2;38;13;5.2
04/09/2019;3;35;17;8.9
04/09/2019;4;39;14;10.0
04/09/2019;5;32;14;15.1
04/09/2019;6;35;11;9.4
04/09/2019;7;37;16;5.0
04/09/2019;8;36;14;12.6
04/09/2019;9;37;17;10.9
04/09/2019;10;35;19;5.0
05/09/2019;1;38;15;6.0
05/09/2019;2;36;11;5.0
05/09/2019;3;45;13;5.0
05/09/2019;4;36;15;5.0
05/09/2019;5;34;14;5.6
05/09/2019;6;37;12;5.2
05/09/2019;7;27;17;13.5
05/09/2019;8;35;15;6.0
05/09/2019;9;37;16;11.2
05/09/2019;10;39;10;11.2
06/09/2019;1;39;16;5.0
06/09/2019;2;38;14;5.0
06/09/2019;3;34;13;6.6
06/09/2019;4;36;11;5.0
06/09/2019;5;36;13;10.2
06/09/2019;6;34;14;5.0
06/09/2019;7;41;14;6.0
06/09/2019;8;33;13;5.5
06/09/2019;9;39;11;12.6
06/09/2019;10;36;12;6.2
07/09/2019;1;40;11;5.0
07/09/2019;2;38;13;5.0
07/09/2019;3;39;12;13.9
07/09/2019;4;35;14;10.4
07/09/2019;5;35;16;5.1
07/09/2019;6;40;15;5.0
07/09/2019;7;41;11;18.1
07/09/2019;8;38;11;5.0
07/09/2019;9;37;11;8.7
07/09/2019;10;34;12;5.0
08/09/2019;1;36;13;5.0
08/09/2019;2;35;11;5.0
08/09/2019;3;33;11;5.5
08/09/2019;4;38;11;9.8
08/09/2019;5;43;17;12.7
08/09/2019;6;33;15;5.7
08/09/2019;7;33;11;5.0
08/09/2019;8;36;17;5.5
08/09/2019;9;29;13;7.3
08/09/2019;10;33;14;10.6
09/09/2019;1;40;14;12.4
09/09/2019;2;35;14;9.8
09/09/2019;3;37;14;11.1
09/09/2019;4;38;16;5.0
09/09/2019;5;36;15;8.0
09/09/2019;6;33;13;5.0
09/09/2019;7;42;13;6.7
09/09/2019;8;37;15;5.0
09/09/2019;9;43;10;6.4
09/09/2019;10;33;14;5.6
10/09/2019;1;32;13;8.7
10/09/2019;2;40;14;5.0
10/09/2019;3;37;13;13.0
10/09/2019;4;37;12;15.2
10/09/2019;5;37;15;5.0
10/09/2019;6;34;16;5.4
10/09/2019;7;33;12;5.7
10/09/2019;8;43;14;5.0
10/09/2019;9;35;17;5.8
10/09/2019;10;34;13;5.0
11/09/2019;1;33;13;12.6
11/09/2019;2;36;15;13.2
11/09/2019;3;39;11;5.0
11/09/2019;4;40;13;5.5
11/09/2019;5;34;11;5.2
11/09/2019;6;38;13;5.0
11/09/2019;7;38;13;9.4
11/09/2019;8;37;13;5.0
11/09/2019;9;39;13;5.0
11/09/2019;10;34;18;5.4
12/09/2019;1;36;14;8.4
12/09/2019;2;41;15;11.2
12/09/2019;3;40;15;5.0
12/09/2019;4;37;10;5.0
12/09/2019;5;42;14;7.1
12/09/2019;6;40;14;5.0
12/09/2019;7;36;14;5.3
12/09/2019;8;35;13;5.0
12/09/2019;9;42;16;11.6
12/09/2019;10;36;14;5.0
13/09/2019;1;40;13;5.0
13/09/2019;2;37;11;15.9
13/09/2019;3;41;13;8.6
13/09/2019;4;34;16;5.6
13/09/2019;5;38;16;5.0
13/09/2019;6;32;13;15.4
13/09/2019;7;34;11;5.4
13/09/2019;8;39;13;9.3
13/09/2019;9;29;15;5.8
13/09/2019;10;34;12;5.5
14/09/2019;1;37;13;10.4
14/09/2019;2;38;13;5.0
14/09/2019;3;35;12;5.0
14/09/2019;4;40;11;5.0
14/09/2019;5;38;13;5.0
14/09/2019;6;36;15;5.0
14/09/2019;7;37;14;7.3
14/09/2019;8;39;11;6.6
14/09/2019;9;35;15;5.0
14/09/2019;10;40;10;10.6
15/09/2019;1;38;19;6.7
15/09/2019;2;36;12;12.0
15/09/2019;3;34;11;5.0
15/09/2019;4;34;15;6.5
15/09/2019;5;35;11;5.3
15/09/2019;6;32;15;5.0
15/09/2019;7;36;10;12.2
15/09/2019;8;35;12;5.0
15/09/2019;9;36;14;5.0
15/09/2019;10;32;15;5.0
16/09/2019;1;38;12;8.9
16/09/2019;2;39;9;5.0
16/09/2019;3;37;13;8.0
16/09/2019;4;43;14;5.0
16/09/2019;5;35;15;11.2
16/09/2019;6;40;13;8.4
16/09/2019;7;38;17;5.3
16/09/2019;8;41;13;7.6
16/09/2019;9;33;10;8.0
16/09/2019;10;40;13;5.0
17/09/2019;1;39;13;10.0
17/09/2019;2;37;12;5.0
17/09/2019;3;36;13;8.6
17/09/2019;4;40;15;5.0
17/09/2019;5;41;18;8.4
17/09/2019;6;40;15;5.0
17/09/2019;7;34;15;5.0
17/09/2019;8;34;15;5.0
17/09/2019;9;38;11;5.7
17/09/2019;10;38;12;5.0
18/09/2019;1;37;15;5.0
18/09/2019;2;34;13;5.0
18/09/2019;3;31;14;5.0
18/09/2019;4;35;15;5.0
18/09/2019;5;39;12;5.0
18/09/2019;6;40;12;8.2
18/09/2019;7;41;16;15.6
18/09/2019;8;40;14;6.8
18/09/2019;9;35;17;9.0
18/09/2019;10;35;13;10.2
19/09/2019;1;33;15;5.0
19/09/2019;2;39;15;13.0
19/09/2019;3;35;16;5.0
19/09/2019;4;35;15;18.7
19/09/2019;5;35;12;5.0
19/09/2019;6;43;13;6.8
19/09/2019;7;34;13;9.6
19/09/2019;8;33;14;5.0
19/09/2019;9;37;14;14.3
19/09/2019;10;31;18;11.6
20/09/2019;1;40;13;5.0
20/09/2019;2;36;13;5.8
20/09/2019;3;39;15;5.3
20/09/2019;4;39;14;13.0
20/09/2019;5;36;14;5.0
20/09/2019;6;38;10;7.8
20/09/2019;7;37;14;12.6
20/09/2019;8;37;13;5.0
20/09/2019;9;35;12;11.0
20/09/2019;10;28;12;5.0
21/09/2019;1;38;17;11.7
21/09/2019;2;38;17;5.0
21/09/2019;3;34;12;9.4
21/09/2019;4;41;11;5.7
21/09/2019;5;41;14;5.0
21/09/2019;6;37;12;10.4
21/09/2019;7;38;15;6.1
21/09/2019;8;34;12;5.1
21/09/2019;9;36;12;11.6
21/09/2019;10;40;14;9.5
22/09/2019;1;33;15;8.0
22/09/2019;2;38;13;5.0
22/09/2019;3;44;14;5.0
22/09/2019;4;33;13;6.0
22/09/2019;5;38;11;6.4
22/09/2019;6;40;16;5.0
22/09/2019;7;31;16;5.0
22/09/2019;8;37;14;5.0
22/09/2019;9;37;15;10.6
22/09/2019;10;32;13;5.0
23/09/2019;1;32;13;10.2
23/09/2019;2;36;12;5.0
23/09/2019;3;39;11;5.0
23/09/2019;4;42;12;6.0
23/09/2019;5;40;13;7.8
23/09/2019;6;40;14;8.5
23/09/2019;7;36;14;15.1
23/09/2019;8;36;16;22.2
23/09/2019;9;33;13;5.0
23/09/2019;10;36;12;10.8
24/09/2019;1;39;12;12.4
24/09/2019;2;28;12;5.0
24/09/2019;3;38;16;5.2
24/09/2019;4;41;14;7.2
24/09/2019;5;36;14;5.0
24/09/2019;6;40;12;5.0
24/09/2019;7;40;15;11.4
24/09/2019;8;33;13;5.0
24/09/2019;9;37;12;5.0
24/09/2019;10;37;17;8.8
25/09/2019;1;40;15;5.0
25/09/2019;2;32;12;11.6
25/09/2019;3;39;15;8.1
25/09/2019;4;32;13;9.9
25/09/2019;5;35;16;5.0
25/09/2019;6;35;15;5.0
25/09/2019;7;40;11;5.4
25/09/2019;8;45;9;5.0
25/09/2019;9;38;15;5.0
25/09/2019;10;35;13;5.0
26/09/2019;1;41;9;20.0
26/09/2019;2;34;13;5.0
26/09/2019;3;39;12;5.0
26/09/2019;4;37;12;5.0
26/09/2019;5;38;13;5.0
26/09/2019;6;36;11;5.0
26/09/2019;7;33;13;7.5
26/09/2019;8;35;13;5.0
26/09/2019;9;39;11;5.0
26/09/2019;10;35;8;5.0
27/09/2019;1;31;14;6.6
27/09/2019;2;31;11;7.3
27/09/2019;3;31;12;5.0
27/09/2019;4;38;8;6.2
27/09/2019;5;35;15;5.0
27/09/2019;6;42;17;5.5
27/09/2019;7;38;15;5.0
27/09/2019;8;36;15;15.8
27/09/2019;9;34;13;12.1
27/09/2019;10;40;12;5.0
28/09/2019;1;37;14;5.0
28/09/2019;2;33;15;5.0
28/09/2019;3;37;12;9.0
28/09/2019;4;40;12;5.0
28/09/2019;5;36;13;10.3
28/09/2019;6;40;16;9.3
28/09/2019;7;32;13;13.5
28/09/2019;8;34;14;12.6
28/09/2019;9;43;14;7.7
28/09/2019;10;31;11;5.0
29/09/2019;1;38;17;5.0
29/09/2019;2;35;14;5.0
29/09/2019;3;32;14;5.0
29/09/2019;4;36;18;12.0
29/09/2019;5;39;13;5.7
29/09/2019;6;36;15;5.4
29/09/2019;7;35;16;10.5
29/09/2019;8;35;15;14.6
29/09/2019;9;36;14;5.0
29/09/2019;10;38;12;7.7
30/09/2019;1;38;17;7.1
30/09/2019;2;35;15;5.0
30/09/2019;3;38;12;12.3
30/09/2019;4;39;17;5.0
30/09/2019;5;40;11;9.8
30/09/2019;6;40;11;9.8
30/09/2019;7;34;9;5.7
30/09/2019;8;43;11;7.5
30/09/2019;9;39;15;6.9
30/09/2019;10;37;13;5.7
01/10/2019;1;31;15;5.0
01/10/2019;2;32;11;7.9
01/10/2019;3;35;13;7.1
01/10/2019;4;35;17;5.0
01/10/2019;5;36;14;11.4
01/10/2019;6;38;13;5.0
01/10/2019;7;36;16;6.5
01/10/2019;8;38;14;15.0
01/10/2019;9;38;14;5.0
01/10/2019;10;36;14;15.6
02/10/2019;1;37;16;5.0
02/10/2019;2;39;12;5.0
02/10/2019;3;34;15;10.2
02/10/2019;4;37;14;5.8
02/10/2019;5;37;14;5.0
02/10/2019;6;35;12;5.0
02/10/2019;7;40;14;5.0
02/10/2019;8;34;13;5.0
02/10/2019;9;32;16;10.6
02/10/2019;10;31;15;5.9
03/10/2019;1;35;12;5.9
03/10/2019;2;33;17;5.0
03/10/2019;3;38;18;5.0
03/10/2019;4;34;14;5.0
03/10/2019;5;31;12;8.4
03/10/2019;6;36;12;11.2
03/10/2019;7;37;12;5.0
03/10/2019;8;35;10;13.7
03/10/2019;9;35;15;5.0
03/10/2019;10;35;14;10.6
04/10/2019;1;36;13;8.5
04/10/2019;2;35;15;10.1
04/10/2019;3;39;11;12.1
04/10/2019;4;35;11;9.4
04/10/2019;5;40;15;5.0
04/10/2019;6;44;17;5.0
04/10/2019;7;28;13;6.0
04/10/2019;8;34;14;13.5
04/10/2019;9;40;13;10.2
04/10/2019;10;39;13;11.1
05/10/2019;1;36;10;10.5
05/10/2019;2;32;15;5.1
05/10/2019;3;33;13;5.4
05/10/2019;4;40;13;5.0
05/10/2019;5;39;13;5.0
05/10/2019;6;35;14;5.0
05/10/2019;7;34;16;7.1
05/10/2019;8;35;15;5.0
05/10/2019;9;37;16;5.8
05/10/2019;10;39;16;5.0
06/10/2019;1;38;14;5.0
06/10/2019;2;36;11;5.0
06/10/2019;3;37;10;5.5
06/10/2019;4;43;12;12.1
06/10/2019;5;34;15;5.7
06/10/2019;6;34;13;5.0
06/10/2019;7;36;16;5.0
06/10/2019;8;37;15;5.3
06/10/2019;9;39;13;5.0
06/10/2019;10;39;13;12.5
07/10/2019;1;33;15;7.8
07/10/2019;2;28;9;5.0
07/10/2019;3;39;14;5.0
07/10/2019;4;36;12;5.1
07/10/2019;5;37;14;5.1
07/10/2019;6;38;16;13.5
07/10/2019;7;42;14;5.0
07/10/2019;8;35;14;9.7
07/10/2019;9;33;16;5.0
07/10/2019;10;33;15;11.9
08/10/2019;1;37;14;5.4
08/10/2019;2;41;15;9.6
08/10/2019;3;38;12;5.0
08/10/2019;4;38;18;5.0
08/10/2019;5;45;10;16.3
08/10/2019;6;32;11;5.0
08/10/2019;7;35;15;10.8
08/10/2019;8;34;16;5.0
08/10/2019;9;32;11;5.0
08/10/2019;10;33;15;5.4
09/10/2019;1;31;13;5.0
09/10/2019;2;33;7;11.2
09/10/2019;3;34;14;11.9
09/10/2019;4;41;11;13.5
09/10/2019;5;42;17;11.8
09/10/2019;6;40;14;5.0
09/10/2019;7;38;14;8.8
09/10/2019;8;41;15;8.7
09/10/2019;9;33;12;5.0
09/10/2019;10;33;15;5.0
10/10/2019;1;38;13;8.9
10/10/2019;2;37;17;5.0
10/10/2019;3;36;11;5.0
10/10/2019;4;35;16;8.0
10/10/2019;5;34;14;5.0
10/10/2019;6;35;14;6.5
10/10/2019;7;38;12;5.0
10/10/2019;8;40;18;6.3
10/10/2019;9;35;16;8.0
10/10/2019;10;43;12;5.0
11/10/2019;1;35;15;5.0
11/10/2019;2;40;16;20.8
11/10/2019;3;42;15;5.0
11/10/2019;4;34;15;15.9
11/10/2019;5;35;12;5.0
11/10/2019;6;43;16;6.3
11/10/2019;7;39;17;8.4
11/10/2019;8;33;9;7.1
11/10/2019;9;38;13;5.0
11/10/2019;10;36;14;6.3
12/10/2019;1;31;11;5.0
12/10/2019;2;36;13;8.8
12/10/2019;3;31;13;17.0
12/10/2019;4;32;14;5.0
12/10/2019;5;35;13;11.4
12/10/2019;6;33;12;5.0
12/10/2019;7;36;15;5.0
12/10/2019;8;36;12;5.0
12/10/2019;9;36;12;14.6
12/10/2019;10;41;14;5.0
13/10/2019;1;36;15;5.0
13/10/2019;2;40;14;6.6
13/10/2019;3;38;14;7.4
13/10/2019;4;35;16;11.2
13/10/2019;5;42;13;5.0
13/10/2019;6;37;16;9.4
13/10/2019;7;37;16;6.6
13/10/2019;8;35;14;6.0
13/10/2019;9;39;12;7.6
13/10/2019;10;33;13;5.6
14/10/2019;1;40;14;9.0
14/10/2019;2;40;12;5.0
14/10/2019;3;40;13;7.9
14/10/2019;4;38;14;5.0
14/10/2019;5;38;14;5.0
14/10/2019;6;35;15;8.1
14/10/2019;7;35;14;5.0
14/10/2019;8;35;15;5.0
14/10/2019;9;32;14;15.9
14/10/2019;10;37;14;5.0
15/10/2019;1;36;10;15.8
15/10/2019;2;30;17;6.1
15/10/2019;3;40;11;11.3
15/10/2019;4;38;15;5.0
15/10/2019;5;38;13;5.0
15/10/2019;6;35;12;8.7
15/10/2019;7;42;14;5.0
15/10/2019;8;30;16;5.0
15/10/2019;9;37;13;5.0
15/10/2019;10;35;13;12.1
16/10/2019;1;38;14;8.9
16/10/2019;2;38;17;7.4
16/10/2019;3;41;11;5.0
16/10/2019;4;35;13;5.5
16/10/2019;5;38;11;5.0
16/10/2019;6;41;13;6.5
16/10/2019;7;36;10;5.0
16/10/2019;8;38;14;5.0
16/10/2019;9;35;12;5.0
16/10/2019;10;39;11;12.3
17/10/2019;1;35;14;5.0
17/10/2019;2;37;14;6.1
17/10/2019;3;41;15;9.6
17/10/2019;4;34;12;6.4
17/10/2019;5;41;15;5.0
17/10/2019;6;31;13;9.2
17/10/2019;7;38;13;5.8
17/10/2019;8;31;11;8.3
17/10/2019;9;40;11;8.5
17/10/2019;10;33;15;6.2
18/10/2019;1;36;15;5.3
18/10/2019;2;36;15;7.2
18/10/2019;3;39;15;8.0
18/10/2019;4;35;12;5.0
18/10/2019;5;35;14;5.0
18/10/2019;6;35;12;13.8
18/10/2019;7;30;11;5.7
18/10/2019;8;39;13;5.0
18/10/2019;9;33;11;6.5
18/10/2019;10;39;13;7.1
19/10/2019;1;37;14;7.0
19/10/2019;2;33;15;10.7
19/10/2019;3;40;12;5.5
19/10/2019;4;41;16;5.0
19/10/2019;5;37;18;12.4
19/10/2019;6;36;16;5.0
19/10/2019;7;39;17;5.0
19/10/2019;8;44;15;5.0
19/10/2019;9;40;11;7.6
19/10/2019;10;41;11;5.0
20/10/2019;1;33;13;5.0
20/10/2019;2;35;14;10.1
20/10/2019;3;37;15;7.0
20/10/2019;4;33;14;8.9
20/10/2019;5;36;15;6.4
20/10/2019;6;37;16;11.5
20/10/2019;7;34;13;5.4
20/10/2019;8;34;13;5.8
20/10/2019;9;33;18;13.6
20/10/2019;10;42;9;10.0
21/10/2019;1;37;13;5.0
21/10/2019;2;39;12;12.3
21/10/2019;3;37;10;9.3
21/10/2019;4;34;10;6.6
21/10/2019;5;35;12;10.4
21/10/2019;6;31;16;5.0
21/10/2019;7;36;11;5.0
21/10/2019;8;34;15;5.0
21/10/2019;9;37;10;5.0
21/10/2019;10;39;12;7.7
22/10/2019;1;38;12;12.7
22/10/2019;2;34;14;5.0
22/10/2019;3;35;11;5.0
22/10/2019;4;36;13;9.6
22/10/2019;5;37;12;5.0
22/10/2019;6;37;19;13.9
22/10/2019;7;32;14;9.4
22/10/2019;8;38;18;5.5
22/10/2019;9;36;15;5.0
22/10/2019;10;35;12;7.6
23/10/2019;1;40;16;8.4
23/10/2019;2;41;13;5.0
23/10/2019;3;39;10;5.0
23/10/2019;4;37;15;5.0
23/10/2019;5;37;11;5.0
23/10/2019;6;37;14;6.7
23/10/2019;7;37;11;16.4
23/10/2019;8;36;14;9.8
23/10/2019;9;40;13;10.5
23/10/2019;10;40;14;5.0
24/10/2019;1;37;15;5.0
24/10/2019;2;40;14;5.0
24/10/2019;3;38;14;8.0
24/10/2019;4;35;13;6.2
24/10/2019;5;36;13;5.0
24/10/2019;6;36;14;7.3
24/10/2019;7;38;13;5.0
24/10/2019;8;37;16;6.8
24/10/2019;9;43;16;5.0
24/10/2019;10;35;12;5.0
25/10/2019;1;36;16;5.0
25/10/2019;2;34;12;6.4
25/10/2019;3;38;13;5.7
25/10/2019;4;29;16;6.5
25/10/2019;5;40;11;5.0
25/10/2019;6;38;15;5.0
25/10/2019;7;35;15;8.6
25/10/2019;8;39;13;7.1
25/10/2019;9;35;14;13.2
25/10/2019;10;37;15;12.9
26/10/2019;1;36;12;5.0
26/10/2019;2;36;10;5.0
26/10/2019;3;36;15;5.7
26/10/2019;4;36;12;11.4
26/10/2019;5;35;16;5.8
26/10/2019;6;36;12;5.0
26/10/2019;7;35;14;5.6
26/10/2019;8;36;16;5.0
26/10/2019;9;37;13;8.2
26/10/2019;10;33;15;17.4
27/10/2019;1;44;13;5.0
27/10/2019;2;32;15;8.8
27/10/2019;3;36;11;5.4
27/10/2019;4;38;11;5.0
27/10/2019;5;36;16;5.5
27/10/2019;6;36;12;5.0
27/10/2019;7;32;14;5.0
27/10/2019;8;34;12;10.5
27/10/2019;9;30;16;12.1
27/10/2019;10;31;14;7.7
28/10/2019;1;37;13;7.0
28/10/2019;2;34;12;5.4
28/10/2019;3;37;13;5.0
28/10/2019;4;35;15;11.1
28/10/2019;5;35;14;7.4
28/10/2019;6;37;16;5.0
28/10/2019;7;37;13;5.0
28/10/2019;8;37;10;5.0
28/10/2019;9;38;15;6.2
28/10/2019;10;36;13;11.8
29/10/2019;1;34;14;17.4
29/10/2019;2;34;17;5.0
29/10/2019;3;40;15;10.4
29/10/2019;4;35;13;15.3
29/10/2019;5;42;15;9.3
29/10/2019;6;38;12;5.0
29/10/2019;7;27;14;5.0
29/10/2019;8;33;16;12.4
29/10/2019;9;42;17;15.4
29/10/2019;10;35;11;5.4
30/10/2019;1;36;12;5.0
30/10/2019;2;35;15;5.0
30/10/2019;3;36;15;6.2
30/10/2019;4;35;10;10.8
30/10/2019;5;36;17;5.0
30/10/2019;6;34;13;10.9
30/10/2019;7;39;15;10.2
30/10/2019;8;31;15;10.5
30/10/2019;9;35;19;8.0
30/10/2019;10;44;10;7.0
31/10/2019;1;33;12;17.4
31/10/2019;2;35;15;5.0
31/10/2019;3;36;12;10.5
31/10/2019;4;41;17;11.0
31/10/2019;5;37;13;8.1
31/10/2019;6;35;11;5.0
31/10/2019;7;32;17;5.0
31/10/2019;8;36;14;5.0
31/10/2019;9;37;18;5.0
31/10/2019;10;34;12;5.0
01/11/2019;1;40;10;11.6
01/11/2019;2;37;14;5.0
01/11/2019;3;37;9;5.0
01/11/2019;4;36;17;7.9
01/11/2019;5;35;16;5.0
01/11/2019;6;45;10;5.0
01/11/2019;7;44;10;9.0
01/11/2019;8;40;15;5.0
01/11/2019;9;34;15;5.4
01/11/2019;10;35;17;5.0
02/11/2019;1;37;11;5.0
02/11/2019;2;35;15;11.5
02/11/2019;3;38;15;5.0
02/11/2019;4;33;11;9.8
02/11/2019;5;34;15;7.0
02/11/2019;6;29;14;5.0
02/11/2019;7;34;16;11.8
02/11/2019;8;34;14;5.0
02/11/2019;9;41;12;5.8
02/11/2019;10;34;11;5.9
03/11/2019;1;35;17;5.0
03/11/2019;2;39;15;5.0
03/11/2019;3;38;14;5.0
03/11/2019;4;40;15;7.4
03/11/2019;5;34;11;7.8
03/11/2019;6;35;13;5.0
03/11/2019;7;35;14;8.5
03/11/2019;8;36;10;5.0
03/11/2019;9;34;14;5.7
03/11/2019;10;35;13;6.4
04/11/2019;1;35;12;5.0
04/11/2019;2;40;15;13.7
04/11/2019;3;36;13;21.7
04/11/2019;4;33;10;6.8
04/11/2019;5;36;11;14.6
04/11/2019;6;38;11;8.4
04/11/2019;7;34;14;11.1
04/11/2019;8;37;10;5.0
04/11/2019;9;35;15;5.0
04/11/2019;10;35;13;11.3
05/11/2019;1;38;13;6.3
05/11/2019;2;34;14;12.7
05/11/2019;3;35;13;10.0
05/11/2019;4;35;10;12.0
05/11/2019;5;33;13;5.0
05/11/2019;6;39;17;6.3
05/11/2019;7;39;13;5.0
05/11/2019;8;32;12;7.9
05/11/2019;9;38;14;5.0
05/11/2019;10;36;15;7.3
06/11/2019;1;37;13;5.0
06/11/2019;2;34;14;5.0
06/11/2019;3;38;12;9.9
06/11/2019;4;40;12;10.3
06/11/2019;5;38;14;5.0
06/11/2019;6;38;12;5.0
06/11/2019;7;40;13;7.1
06/11/2019;8;39;14;5.0
06/11/2019;9;38;11;11.9
06/11/2019;10;34;12;6.1
07/11/2019;1;39;14;5.0
07/11/2019;2;37;15;5.0
07/11/2019;3;38;14;15.3
07/11/2019;4;29;11;13.9
07/11/2019;5;36;11;5.3
07/11/2019;6;39;13;5.0
07/11/2019;7;38;14;21.5
07/11/2019;8;30;13;10.9
07/11/2019;9;35;13;5.0
07/11/2019;10;38;11;7.9
08/11/2019;1;37;10;6.9
08/11/2019;2;33;15;8.9
08/11/2019;3;35;18;5.0
08/11/2019;4;37;12;13.0
08/11/2019;5;34;14;7.1
08/11/2019;6;40;14;7.2
08/11/2019;7;36;14;15.3
08/11/2019;8;34;15;11.6
08/11/2019;9;37;11;7.6
08/11/2019;10;38;12;5.0
09/11/2019;1;40;14;11.5
09/11/2019;2;40;12;9.4
09/11/2019;3;36;11;5.0
09/11/2019;4;32;16;5.0
09/11/2019;5;38;13;12.3
09/11/2019;6;41;9;5.0
09/11/2019;7;34;13;5.0
09/11/2019;8;40;13;5.9
09/11/2019;9;40;15;8.0
09/11/2019;10;41;16;5.0
10/11/2019;1;35;8;5.0
10/11/2019;2;38;12;11.2
10/11/2019;3;35;15;8.1
10/11/2019;4;38;13;5.0
10/11/2019;5;40;15;10.8
10/11/2019;6;38;14;12.2
10/11/2019;7;35;13;5.0
10/11/2019;8;39;16;5.0
10/11/2019;9;38;11;5.0
10/11/2019;10;38;16;11.4
11/11/2019;1;34;13;5.0
11/11/2019;2;38;15;10.7
11/11/2019;3;39;13;8.3
11/11/2019;4;37;16;5.0
11/11/2019;5;39;15;8.3
11/11/2019;6;38;12;9.6
11/11/2019;7;36;10;9.0
11/11/2019;8;39;15;5.0
11/11/2019;9;32;13;12.8
11/11/2019;10;36;13;6.5
12/11/2019;1;35;15;9.8
12/11/2019;2;33;14;10.7
12/11/2019;3;35;13;6.3
12/11/2019;4;38;15;5.0
12/11/2019;5;36;12;5.1
12/11/2019;6;38;15;11.0
12/11/2019;7;34;12;9.6
12/11/2019;8;32;14;9.8
12/11/2019;9;36;12;5.0
12/11/2019;10;41;17;8.8
13/11/2019;1;38;13;5.0
13/11/2019;2;38;16;9.8
13/11/2019;3;40;14;5.0
13/11/2019;4;37;16;5.0
13/11/2019;5;39;12;5.0
13/11/2019;6;40;15;8.1
13/11/2019;7;36;13;5.6
13/11/2019;8;34;12;13.2
13/11/2019;9;37;12;8.8
13/11/2019;10;39;15;13.1
14/11/2019;1;35;12;6.3
14/11/2019;2;36;13;7.3
14/11/2019;3;37;16;5.0
14/11/2019;4;35;11;7.3
14/11/2019;5;36;12;5.0
14/11/2019;6;34;11;5.0
14/11/2019;7;36;16;5.0
14/11/2019;8;34;15;5.8
14/11/2019;9;39;16;5.8
14/11/2019;10;37;15;9.6
15/11/2019;1;40;11;12.9
15/11/2019;2;37;15;5.0
15/11/2019;3;37;13;10.9
15/11/2019;4;40;14;5.0
15/11/2019;5;33;17;7.4
15/11/2019;6;34;15;7.8
15/11/2019;7;44;14;7.2
15/11/2019;8;40;13;5.0
15/11/2019;9;38;15;6.1
15/11/2019;10;37;13;9.1
16/11/2019;1;41;11;9.1
16/11/2019;2;38;13;6.9
16/11/2019;3;40;15;9.5
16/11/2019;4;34;11;6.8
16/11/2019;5;34;13;6.1
16/11/2019;6;40;10;5.0
16/11/2019;7;38;12;5.0
16/11/2019;8;40;12;5.0
16/11/2019;9;39;13;10.6
16/11/2019;10;36;12;12.3
17/11/2019;1;39;12;5.0
17/11/2019;2;34;13;5.0
17/11/2019;3;42;17;5.0
17/11/2019;4;37;14;7.3
17/11/2019;5;40;13;8.5
17/11/2019;6;40;13;8.7
17/11/2019;7;34;13;5.0
17/11/2019;8;36;14;9.0
17/11/2019;9;35;14;5.0
17/11/2019;10;34;15;13.0
18/11/2019;1;29;15;11.2
18/11/2019;2;38;11;5.0
18/11/2019;3;37;13;5.0
18/11/2019;4;38;15;8.0
18/11/2019;5;35;15;11.3
18/11/2019;6;35;15;10.1
18/11/2019;7;38;13;6.7
18/11/2019;8;35;12;5.0
18/11/2019;9;37;14;9.9
18/11/2019;10;40;13;12.4
19/11/2019;1;36;16;6.1
19/11/2019;2;34;13;8.2
19/11/2019;3;33;18;5.0
19/11/2019;4;40;11;8.9
19/11/2019;5;35;15;5.0
19/11/2019;6;32;14;5.0
19/11/2019;7;37;16;5.0
19/11/2019;8;40;12;5.0
19/11/2019;9;32;14;5.0
19/11/2019;10;33;11;9.6
20/11/2019;1;38;12;9.3
20/11/2019;2;29;16;13.5
20/11/2019;3;39;11;5.0
20/11/2019;4;34;17;9.9
20/11/2019;5;38;14;5.0
20/11/2019;6;32;15;5.0
20/11/2019;7;35;16;5.0
20/11/2019;8;40;13;5.0
20/11/2019;9;35;16;7.9
20/11/2019;10;33;14;7.2
21/11/2019;1;31;12;7.0
21/11/2019;2;37;14;15.3
21/11/2019;3;40;14;5.0
21/11/2019;4;35;12;7.3
21/11/2019;5;38;14;6.3
21/11/2019;6;38;15;7.1
21/11/2019;7;33;12;7.0
21/11/2019;8;33;12;5.0
21/11/2019;9;33;14;5.0
21/11/2019;10;38;14;5.0
22/11/2019;1;42;11;5.0
22/11/2019;2;38;12;7.9
22/11/2019;3;32;13;6.8
22/11/2019;4;36;14;17.7
22/11/2019;5;32;16;11.9
22/11/2019;6;33;14;11.1
22/11/2019;7;41;12;5.3
22/11/2019;8;35;13;5.7
22/11/2019;9;33;15;5.0
22/11/2019;10;31;13;5.0
23/11/2019;1;38;13;5.0
23/11/2019;2;39;15;5.1
23/11/2019;3;42;13;9.5
23/11/2019;4;40;13;17.8
23/11/2019;5;37;14;7.3
23/11/2019;6;37;13;5.4
23/11/2019;7;37;13;9.9
23/11/2019;8;37;11;5.0
23/11/2019;9;36;13;5.0
23/11/2019;10;40;16;5.0
24/11/2019;1;39;15;8.3
24/11/2019;2;34;11;9.1
24/11/2019;3;39;14;5.0
24/11/2019;4;38;12;10.0
24/11/2019;5;38;13;5.0
24/11/2019;6;35;14;10.5
24/11/2019;7;39;15;5.0
24/11/2019;8;35;17;11.4
24/11/2019;9;32;13;11.9
24/11/2019;10;40;16;8.8
25/11/2019;1;34;13;14.4
25/11/2019;2;38;14;8.8
25/11/2019;3;34;12;14.1
25/11/2019;4;42;10;12.4
25/11/2019;5;38;15;5.0
25/11/2019;6;36;14;10.7
25/11/2019;7;36;15;11.2
25/11/2019;8;34;17;5.0
25/11/2019;9;31;14;5.0
25/11/2019;10;37;14;11.1
26/11/2019;1;33;13;5.0
26/11/2019;2;39;11;8.0
26/11/2019;3;34;12;11.2
26/11/2019;4;37;16;7.9
26/11/2019;5;40;15;5.0
26/11/2019;6;40;13;5.0
26/11/2019;7;38;14;18.5
26/11/2019;8;41;13;5.0
26/11/2019;9;37;14;5.0
26/11/2019;10;41;15;5.0
27/11/2019;1;37;14;9.2
27/11/2019;2;34;14;10.7
27/11/2019;3;36;13;5.0
27/11/2019;4;39;11;5.8
27/11/2019;5;36;11;5.0
27/11/2019;6;34;14;5.0
27/11/2019;7;37;13;5.0
27/11/2019;8;32;17;5.0
27/11/2019;9;37;12;5.0
27/11/2019;10;37;14;5.0
28/11/2019;1;32;11;5.2
28/11/2019;2;43;16;10.3
28/11/2019;3;37;13;5.0
28/11/2019;4;36;15;5.0
28/11/2019;5;38;13;11.9
28/11/2019;6;41;15;5.0
28/11/2019;7;41;14;14.0
28/11/2019;8;36;14;8.0
28/11/2019;9;40;16;5.0
28/11/2019;10;35;12;5.0
29/11/2019;1;37;11;6.7
29/11/2019;2;34;11;5.0
29/11/2019;3;32;9;5.0
29/11/2019;4;42;11;5.0
29/11/2019;5;39;13;5.0
29/11/2019;6;34;13;12.9
29/11/2019;7;37;13;5.0
29/11/2019;8;38;16;5.0
29/11/2019;9;36;14;5.0
29/11/2019;10;40;12;6.7
30/11/2019;1;35;15;12.6
30/11/2019;2;38;14;6.2
30/11/2019;3;37;10;5.0
30/11/2019;4;39;14;5.0
30/11/2019;5;35;13;5.5
30/11/2019;6;39;13;5.0
30/11/2019;7;33;15;5.0
30/11/2019;8;33;14;5.0
30/11/2019;9;36;15;5.0
30/11/2019;10;35;12;5.0
01/12/2019;1;33;15;5.0
01/12/2019;2;39;15;5.0
01/12/2019;3;40;14;12.5
01/12/2019;4;35;10;5.0
01/12/2019;5;35;12;5.0
01/12/2019;6;38;13;7.9
01/12/2019;7;34;12;12.2
01/12/2019;8;37;14;8.1
01/12/2019;9;41;11;5.0
01/12/2019;10;33;12;5.0
02/12/2019;1;34;18;7.1
02/12/2019;2;37;12;7.4
02/12/2019;3;38;12;5.0
02/12/2019;4;35;13;6.8
02/12/2019;5;34;13;9.1
02/12/2019;6;36;12;9.4
02/12/2019;7;43;14;5.0
02/12/2019;8;40;13;5.6
02/12/2019;9;38;16;9.1
02/12/2019;10;36;14;8.6
03/12/2019;1;43;16;5.8
03/12/2019;2;38;14;16.0
03/12/2019;3;37;13;6.8
03/12/2019;4;36;11;7.0
03/12/2019;5;34;10;5.0
03/12/2019;6;38;15;5.0
03/12/2019;7;36;17;5.0
03/12/2019;8;34;10;5.0
03/12/2019;9;34;17;9.6
03/12/2019;10;36;13;5.0
04/12/2019;1;36;15;6.8
04/12/2019;2;37;12;6.0
04/12/2019;3;33;12;5.0
04/12/2019;4;32;13;6.3
04/12/2019;5;38;16;6.2
04/12/2019;6;33;16;6.4
04/12/2019;7;35;10;13.8
04/12/2019;8;32;16;5.0
04/12/2019;9;39;15;5.0
04/12/2019;10;37;16;5.0
05/12/2019;1;30;13;8.1
05/12/2019;2;35;17;5.0
05/12/2019;3;38;13;5.8
05/12/2019;4;30;17;18.7
05/12/2019;5;38;12;16.8
05/12/2019;6;31;13;5.7
05/12/2019;7;38;15;5.0
05/12/2019;8;35;11;16.5
05/12/2019;9;30;11;14.7
05/12/2019;10;37;11;5.0
06/12/2019;1;38;12;5.0
06/12/2019;2;35;10;5.0
06/12/2019;3;36;17;12.1
06/12/2019;4;39;11;9.3
06/12/2019;5;38;16;15.3
06/12/2019;6;36;12;5.0
06/12/2019;7;36;13;5.0
06/12/2019;8;35;18;9.8
06/12/2019;9;40;16;5.0
06/12/2019;10;37;11;5.8
07/12/2019;1;40;16;5.0
07/12/2019;2;32;12;9.4
07/12/2019;3;37;16;6.1
07/12/2019;4;36;16;5.0
07/12/2019;5;35;13;15.3
07/12/2019;6;36;12;12.0
07/12/2019;7;32;16;11.8
07/12/2019;8;33;11;5.0
07/12/2019;9;33;15;5.0
07/12/2019;10;35;11;15.3
08/12/2019;1;34;11;7.4
08/12/2019;2;35;15;9.4
08/12/2019;3;36;11;7.2
08/12/2019;4;34;11;5.3
08/12/2019;5;36;16;7.2
08/12/2019;6;40;11;10.4
08/12/2019;7;34;11;5.0
08/12/2019;8;37;14;5.0
08/12/2019;9;39;13;5.0
08/12/2019;10;34;13;5.0
09/12/2019;1;40;12;5.0
09/12/2019;2;33;13;6.0
09/12/2019;3;38;13;6.6
09/12/2019;4;36;17;6.0
09/12/2019;5;38;13;11.0
09/12/2019;6;35;16;5.4
09/12/2019;7;38;13;11.2
09/12/2019;8;33;15;5.0
09/12/2019;9;37;16;5.0
09/12/2019;10;38;12;5.0
10/12/2019;1;35;16;5.0
10/12/2019;2;35;16;5.0
10/12/2019;3;34;13;6.3
10/12/2019;4;37;15;12.0
10/12/2019;5;30;13;8.3
10/12/2019;6;37;13;5.0
10/12/2019;7;34;16;10.9
10/12/2019;8;34;12;12.9
10/12/2019;9;37;14;5.0
10/12/2019;10;37;15;5.0
11/12/2019;1;36;17;10.9
11/12/2019;2;40;11;5.0
11/12/2019;3;37;12;12.2
11/12/2019;4;39;12;5.0
11/12/2019;5;36;14;8.0
11/12/2019;6;37;15;7.8
11/12/2019;7;32;14;9.8
11/12/2019;8;40;12;5.2
11/12/2019;9;37;17;7.9
11/12/2019;10;39;14;5.0
12/12/2019;1;34;12;7.5
12/12/2019;2;39;15;12.1
12/12/2019;3;42;14;5.0
12/12/2019;4;41;13;5.0
12/12/2019;5;38;13;5.9
12/12/2019;6;36;19;5.0
12/12/2019;7;38;16;5.0
12/12/2019;8;34;13;15.9
12/12/2019;9;35;13;5.0
12/12/2019;10;40;13;5.0
13/12/2019;1;38;17;5.0
13/12/2019;2;38;14;5.0
13/12/2019;3;39;12;16.8
13/12/2019;4;40;13;5.0
13/12/2019;5;34;15;11.8
13/12/2019;6;39;11;6.6
13/12/2019;7;38;13;5.0
13/12/2019;8;36;19;5.0
13/12/2019;9;39;11;11.4
13/12/2019;10;40;14;5.0
14/12/2019;1;30;12;9.1
14/12/2019;2;34;13;5.0
14/12/2019;3;34;13;15.8
14/12/2019;4;39;13;5.0
14/12/2019;5;39;10;5.0
14/12/2019;6;39;15;5.0
14/12/2019;7;32;18;5.0
14/12/2019;8;38;17;5.0
14/12/2019;9;37;8;5.2
14/12/2019;10;34;13;5.0
15/12/2019;1;39;12;5.0
15/12/2019;2;28;14;5.0
15/12/2019;3;37;14;5.0
15/12/2019;4;39;12;5.2
15/12/2019;5;37;16;5.0
15/12/2019;6;34;15;6.0
15/12/2019;7;36;13;6.1
15/12/2019;8;36;13;9.5
15/12/2019;9;38;12;17.8
15/12/2019;10;36;13;5.4
16/12/2019;1;39;13;5.0
16/12/2019;2;38;15;16.6
16/12/2019;3;36;12;6.4
16/12/2019;4;33;14;5.0
16/12/2019;5;40;11;11.5
16/12/2019;6;36;13;9.7
16/12/2019;7;41;16;12.7
16/12/2019;8;33;13;7.8
16/12/2019;9;30;14;11.4
16/12/2019;10;36;19;9.9
17/12/2019;1;40;13;5.0
17/12/2019;2;40;16;5.0
17/12/2019;3;34;15;7.6
17/12/2019;4;36;15;5.0
17/12/2019;5;42;11;6.6
17/12/2019;6;35;12;5.2
17/12/2019;7;39;19;5.0
17/12/2019;8;39;13;9.5
17/12/2019;9;39;10;6.7
17/12/2019;10;37;12;6.2
18/12/2019;1;37;18;13.7
18/12/2019;2;36;15;5.0
18/12/2019;3;34;12;5.0
18/12/2019;4;34;13;10.2
18/12/2019;5;43;15;5.0
18/12/2019;6;31;9;6.3
18/12/2019;7;37;16;5.1
18/12/2019;8;38;15;12.6
18/12/2019;9;36;13;6.6
18/12/2019;10;32;17;11.2
19/12/2019;1;31;13;5.0
19/12/2019;2;33;16;5.0
19/12/2019;3;36;12;5.0
19/12/2019;4;38;15;5.0
19/12/2019;5;35;14;6.9
19/12/2019;6;35;13;5.4
19/12/2019;7;38;14;5.0
19/12/2019;8;35;16;9.8
19/12/2019;9;34;13;5.0
19/12/2019;10;38;13;5.0
20/12/2019;1;35;15;17.0
20/12/2019;2;38;13;11.1
20/12/2019;3;40;14;8.7
20/12/2019;4;37;13;5.0
20/12/2019;5;34;10;12.8
20/12/2019;6;32;12;10.5
20/12/2019;7;40;18;5.0
20/12/2019;8;40;14;5.0
20/12/2019;9;36;14;10.1
20/12/2019;10;38;11;6.9
21/12/2019;1;36;13;10.0
21/12/2019;2;36;17;5.0
21/12/2019;3;39;12;7.4
21/12/2019;4;43;14;5.0
21/12/2019;5;37;12;7.0
21/12/2019;6;35;14;13.0
21/12/2019;7;40;14;11.4
21/12/2019;8;44;15;6.0
21/12/2019;9;39;18;5.0
21/12/2019;10;36;13;5.0
22/12/2019;1;42;13;5.2
22/12/2019;2;38;14;11.9
22/12/2019;3;38;11;15.0
22/12/2019;4;38;14;7.1
22/12/2019;5;32;13;5.0
22/12/2019;6;40;13;5.0
22/12/2019;7;41;15;5.1
22/12/2019;8;34;14;7.7
22/12/2019;9;37;13;8.9
22/12/2019;10;31;15;14.0
23/12/2019;1;37;15;5.0
23/12/2019;2;35;16;13.3
23/12/2019;3;33;15;13.5
23/12/2019;4;38;9;5.0
23/12/2019;5;36;16;5.0
23/12/2019;6;35;14;6.8
23/12/2019;7;38;15;9.3
23/12/2019;8;39;13;7.7
23/12/2019;9;39;15;5.1
23/12/2019;10;40;15;5.0
24/12/2019;1;38;13;12.5
24/12/2019;2;38;13;5.6
24/12/2019;3;33;15;6.5
24/12/2019;4;37;12;11.1
24/12/2019;5;40;15;5.0
24/12/2019;6;32;15;11.6
24/12/2019;7;38;14;11.7
24/12/2019;8;44;15;8.0
24/12/2019;9;32;13;5.0
24/12/2019;10;37;13;5.0
25/12/2019;1;33;13;5.0
25/12/2019;2;30;13;5.0
25/12/2019;3;34;15;5.0
25/12/2019;4;40;13;11.6
25/12/2019;5;37;10;6.2
25/12/2019;6;35;17;8.5
25/12/2019;7;41;16;9.5
25/12/2019;8;34;9;8.1
25/12/2019;9;32;11;13.3
25/12/2019;10;37;13;5.0
26/12/2019;1;36;10;10.6
26/12/2019;2;34;13;13.4
26/12/2019;3;40;13;8.0
26/12/2019;4;36;14;5.0
26/12/2019;5;35;13;10.7
26/12/2019;6;41;13;13.6
26/12/2019;7;41;13;5.0
26/12/2019;8;36;14;7.3
26/12/2019;9;39;16;11.8
26/12/2019;10;33;15;8.2
27/12/2019;1;35;10;5.0
27/12/2019;2;36;13;8.0
27/12/2019;3;39;13;5.0
27/12/2019;4;42;12;6.5
27/12/2019;5;41;13;9.9
27/12/2019;6;37;16;12.5
27/12/2019;7;37;12;14.7
27/12/2019;8;36;13;5.8
27/12/2019;9;38;11;5.4
27/12/2019;10;33;9;18.9
28/12/2019;1;40;11;5.0
28/12/2019;2;35;9;5.0
28/12/2019;3;41;12;5.8
28/12/2019;4;43;14;13.1
28/12/2019;5;30;13;5.0
28/12/2019;6;35;15;5.0
28/12/2019;7;38;12;9.7
28/12/2019;8;39;14;11.9
28/12/2019;9;31;14;8.0
28/12/2019;10;42;16;6.9
29/12/2019;1;38;15;5.0
29/12/2019;2;33;17;5.0
29/12/2019;3;39;12;11.9
29/12/2019;4;40;13;5.0
29/12/2019;5;31;17;8.1
29/12/2019;6;43;17;9.1
29/12/2019;7;34;14;7.3
29/12/2019;8;38;15;5.0
29/12/2019;9;38;15;7.2
29/12/2019;10;33;15;9.1
30/12/2019;1;39;11;5.0
30/12/2019;2;33;12;10.0
30/12/2019;3;37;13;6.3
30/12/2019;4;39;15;8.2
30/12/2019;5;41;13;9.5
30/12/2019;6;34;13;6.4
30/12/2019;7;39;14;5.0
30/12/2019;8;31;12;5.0
30/12/2019;9;39;15;5.0
30/12/2019;10;35;9;5.0
31/12/2019;1;33;13;5.0
31/12/2019;2;39;11;6.7
31/12/2019;3;36;13;5.4
31/12/2019;4;43;11;5.0
31/12/2019;5;35;14;5.0
31/12/2019;6;34;16;23.8
31/12/2019;7;35;15;8.4
31/12/2019;8;33;15;12.8
31/12/2019;9;39;12;13.0
31/12/2019;10;35;13;5.0
